{
  "__inputs": [
    {
      "name": "DS_PROMETHEUS",
      "label": "Prometheus",
      "description": "",
      "type": "datasource",
      "pluginId": "prometheus",
      "pluginName": "Prometheus"
    }
  ],
  "__requires": [
    {
      "type": "grafana",
      "id": "grafana",
      "name": "Grafana",
      "version": "4.1.2"
    },
    {
      "type": "panel",
      "id": "graph",
      "name": "Graph",
      "version": ""
    },
    {
      "type": "datasource",
      "id": "prometheus",
      "name": "Prometheus",
      "version": "1.0.0"
    },
    {
      "type": "panel",
      "id": "text",
      "name": "Text",
      "version": ""
    }
  ],
  "annotations": {
    "list": [
      {
        "builtIn": 1,
        "datasource": "-- Grafana --",
        "enable": true,
        "hide": true,
        "iconColor": "rgba(0, 211, 255, 1)",
        "name": "Annotations & Alerts",
        "type": "dashboard"
      }
    ]
  },
  "editable": true,
  "gnetId": null,
  "graphTooltip": 1,
  "hideControls": false,
  "id": null,
  "links": [],
  "refresh": "5s",
  "rows": [
    {
      "collapse": false,
      "height": "40",
      "panels": [
        {
          "content": "<center><h2>Resource Usage</h2></center>",
          "height": "40",
          "id": 29,
          "links": [],
          "mode": "html",
          "span": 12,
          "title": "",
          "transparent": true,
          "type": "text"
        }
      ],
      "repeat": null,
      "repeatIteration": null,
      "repeatRowId": null,
      "showTitle": false,
      "title": "Resource Usage",
      "titleSize": "h5"
    },
    {
      "collapse": false,
      "height": 250,
      "panels": [
        {
          "aliasColors": {},
          "bars": false,
          "dashLength": 10,
          "dashes": false,
          "datasource": "${DS_PROMETHEUS}",
          "fill": 1,
          "id": 5,
          "legend": {
            "avg": false,
            "current": false,
            "max": false,
            "min": false,
            "show": true,
            "total": false,
            "values": false
          },
          "lines": true,
          "linewidth": 1,
          "links": [],
          "nullPointMode": "null",
          "percentage": false,
          "pointradius": 5,
          "points": false,
          "renderer": "flot",
          "seriesOverrides": [],
          "spaceLength": 10,
          "span": 3,
          "stack": false,
          "steppedLine": false,
          "targets": [
            {
              "expr": "process_virtual_memory_bytes{job=\"pilot\"}",
              "format": "time_series",
              "instant": false,
              "intervalFactor": 2,
              "legendFormat": "Virtual Memory",
              "refId": "I",
              "step": 2
            },
            {
              "expr": "process_resident_memory_bytes{job=\"pilot\"}",
              "format": "time_series",
              "intervalFactor": 2,
              "legendFormat": "Resident Memory",
              "refId": "H",
              "step": 2
            },
            {
              "expr": "go_memstats_heap_sys_bytes{job=\"mixer\"}",
              "format": "time_series",
              "hide": true,
              "intervalFactor": 2,
              "legendFormat": "heap sys",
              "refId": "A"
            },
            {
              "expr": "go_memstats_heap_alloc_bytes{job=\"mixer\"}",
              "format": "time_series",
              "hide": true,
              "intervalFactor": 2,
              "legendFormat": "heap alloc",
              "refId": "D"
            },
            {
              "expr": "go_memstats_alloc_bytes{job=\"pilot\"}",
              "format": "time_series",
              "intervalFactor": 2,
              "legendFormat": "Alloc",
              "refId": "F",
              "step": 2
            },
            {
              "expr": "go_memstats_heap_inuse_bytes{job=\"pilot\"}",
              "format": "time_series",
              "hide": false,
              "intervalFactor": 2,
              "legendFormat": "Heap in-use",
              "refId": "E",
              "step": 2
            },
            {
              "expr": "go_memstats_stack_inuse_bytes{job=\"pilot\"}",
              "format": "time_series",
              "intervalFactor": 2,
              "legendFormat": "Stack in-use",
              "refId": "G",
              "step": 2
            },
            {
              "expr": "sum(container_memory_usage_bytes{container_name=~\"discovery|istio-proxy\", pod_name=~\"istio-pilot-.*\"})",
              "format": "time_series",
              "hide": false,
              "intervalFactor": 2,
              "legendFormat": "Total (k8s)",
              "refId": "C",
              "step": 2
            },
            {
              "expr": "container_memory_usage_bytes{container_name=~\"discovery|istio-proxy\", pod_name=~\"istio-pilot-.*\"}",
              "format": "time_series",
              "hide": false,
              "intervalFactor": 2,
              "legendFormat": "{{ container_name }} (k8s)",
              "refId": "B",
              "step": 2
            }
          ],
          "thresholds": [],
          "timeFrom": null,
          "timeShift": null,
          "title": "Memory",
          "tooltip": {
            "shared": true,
            "sort": 0,
            "value_type": "individual"
          },
          "type": "graph",
          "xaxis": {
            "buckets": null,
            "mode": "time",
            "name": null,
            "show": true,
            "values": []
          },
          "yaxes": [
            {
              "format": "bytes",
              "label": null,
              "logBase": 1,
              "max": null,
              "min": null,
              "show": true
            },
            {
              "format": "short",
              "label": null,
              "logBase": 1,
              "max": null,
              "min": null,
              "show": false
            }
          ]
        },
        {
          "aliasColors": {},
          "bars": false,
          "dashLength": 10,
          "dashes": false,
          "datasource": "${DS_PROMETHEUS}",
          "fill": 1,
          "id": 6,
          "legend": {
            "avg": false,
            "current": false,
            "max": false,
            "min": false,
            "show": true,
            "total": false,
            "values": false
          },
          "lines": true,
          "linewidth": 1,
          "links": [],
          "nullPointMode": "null",
          "percentage": false,
          "pointradius": 5,
          "points": false,
          "renderer": "flot",
          "seriesOverrides": [],
          "spaceLength": 10,
          "span": 3,
          "stack": false,
          "steppedLine": false,
          "targets": [
            {
              "expr": "sum(rate(container_cpu_usage_seconds_total{container_name=~\"discovery|istio-proxy\", pod_name=~\"istio-pilot-.*\"}[1m]))",
              "format": "time_series",
              "hide": false,
              "intervalFactor": 2,
              "legendFormat": "Total (k8s)",
              "refId": "A",
              "step": 2
            },
            {
              "expr": "sum(rate(container_cpu_usage_seconds_total{container_name=~\"discovery|istio-proxy\", pod_name=~\"istio-pilot-.*\"}[1m])) by (container_name)",
              "format": "time_series",
              "hide": false,
              "intervalFactor": 2,
              "legendFormat": "{{ container_name }} (k8s)",
              "refId": "B",
              "step": 2
            },
            {
              "expr": "irate(process_cpu_seconds_total{job=\"pilot\"}[1m])",
              "format": "time_series",
              "hide": false,
              "intervalFactor": 2,
              "legendFormat": "pilot (self-reported)",
              "refId": "C",
              "step": 2
            }
          ],
          "thresholds": [],
          "timeFrom": null,
          "timeShift": null,
          "title": "CPU",
          "tooltip": {
            "shared": true,
            "sort": 0,
            "value_type": "individual"
          },
          "type": "graph",
          "xaxis": {
            "buckets": null,
            "mode": "time",
            "name": null,
            "show": true,
            "values": []
          },
          "yaxes": [
            {
              "format": "short",
              "label": null,
              "logBase": 1,
              "max": null,
              "min": null,
              "show": true
            },
            {
              "format": "short",
              "label": null,
              "logBase": 1,
              "max": null,
              "min": null,
              "show": true
            }
          ]
        },
        {
          "aliasColors": {},
          "bars": false,
          "dashLength": 10,
          "dashes": false,
          "datasource": "${DS_PROMETHEUS}",
          "fill": 1,
          "id": 7,
          "legend": {
            "avg": false,
            "current": false,
            "max": false,
            "min": false,
            "show": true,
            "total": false,
            "values": false
          },
          "lines": true,
          "linewidth": 1,
          "links": [],
          "nullPointMode": "null",
          "percentage": false,
          "pointradius": 5,
          "points": false,
          "renderer": "flot",
          "seriesOverrides": [],
          "spaceLength": 10,
          "span": 3,
          "stack": false,
          "steppedLine": false,
          "targets": [
            {
              "expr": "process_open_fds{job=\"mixer\"}",
              "format": "time_series",
              "hide": true,
              "instant": false,
              "interval": "",
              "intervalFactor": 2,
              "legendFormat": "Open FDs (mixer)",
              "refId": "A"
            },
            {
              "expr": "container_fs_usage_bytes{container_name=~\"discovery|istio-proxy\", pod_name=~\"istio-pilot-.*\"}",
              "format": "time_series",
              "intervalFactor": 2,
              "legendFormat": "{{ container_name }}",
              "refId": "B",
              "step": 2
            }
          ],
          "thresholds": [],
          "timeFrom": null,
          "timeShift": null,
          "title": "Disk",
          "tooltip": {
            "shared": true,
            "sort": 0,
            "value_type": "individual"
          },
          "type": "graph",
          "xaxis": {
            "buckets": null,
            "mode": "time",
            "name": null,
            "show": true,
            "values": []
          },
          "yaxes": [
            {
              "format": "bytes",
              "label": "",
              "logBase": 1,
              "max": null,
              "min": null,
              "show": true
            },
            {
              "decimals": null,
              "format": "none",
              "label": "",
              "logBase": 1024,
              "max": null,
              "min": null,
              "show": false
            }
          ]
        },
        {
          "aliasColors": {},
          "bars": false,
          "dashLength": 10,
          "dashes": false,
          "datasource": "${DS_PROMETHEUS}",
          "fill": 1,
          "id": 4,
          "legend": {
            "avg": false,
            "current": false,
            "max": false,
            "min": false,
            "show": false,
            "total": false,
            "values": false
          },
          "lines": true,
          "linewidth": 1,
          "links": [],
          "nullPointMode": "null",
          "percentage": false,
          "pointradius": 5,
          "points": false,
          "renderer": "flot",
          "seriesOverrides": [],
          "spaceLength": 10,
          "span": 3,
          "stack": false,
          "steppedLine": false,
          "targets": [
            {
              "expr": "go_goroutines{job=\"pilot\"}",
              "format": "time_series",
              "intervalFactor": 2,
              "legendFormat": "Number of Goroutines",
              "refId": "A",
              "step": 2
            }
          ],
          "thresholds": [],
          "timeFrom": null,
          "timeShift": null,
          "title": "Goroutines",
          "tooltip": {
            "shared": true,
            "sort": 0,
            "value_type": "individual"
          },
          "type": "graph",
          "xaxis": {
            "buckets": null,
            "mode": "time",
            "name": null,
            "show": true,
            "values": []
          },
          "yaxes": [
            {
              "format": "short",
              "label": "",
              "logBase": 1,
              "max": null,
              "min": null,
              "show": true
            },
            {
              "format": "short",
              "label": null,
              "logBase": 1,
              "max": null,
              "min": null,
              "show": true
            }
          ]
        }
      ],
      "repeat": null,
      "repeatIteration": null,
      "repeatRowId": null,
      "showTitle": false,
      "title": "Resource Usage",
      "titleSize": "h6"
    },
    {
      "collapse": false,
      "height": "40",
      "panels": [
        {
          "content": "<center><h2>Pilot Overview</h2></center>",
          "height": "40px",
          "id": 30,
          "links": [],
          "mode": "html",
          "span": 12,
          "title": "",
          "transparent": true,
          "type": "text"
        }
      ],
      "repeat": null,
      "repeatIteration": null,
      "repeatRowId": null,
      "showTitle": false,
      "title": "Mixer Overview",
      "titleSize": "h5"
    },
    {
      "collapse": false,
      "height": 247,
      "panels": [
        {
          "aliasColors": {},
          "bars": false,
          "dashLength": 10,
          "dashes": false,
          "datasource": "${DS_PROMETHEUS}",
          "fill": 1,
          "id": 9,
          "legend": {
            "avg": false,
            "current": false,
            "max": false,
            "min": false,
            "show": true,
            "total": false,
            "values": false
          },
          "lines": true,
          "linewidth": 1,
          "links": [],
          "nullPointMode": "null",
          "percentage": false,
          "pointradius": 5,
          "points": false,
          "renderer": "flot",
          "seriesOverrides": [],
          "spaceLength": 10,
          "span": 3,
          "stack": false,
          "steppedLine": false,
          "targets": [
            {
              "expr": "sum(rate(pilot_discovery_calls[1m])) by (method)",
              "format": "time_series",
              "intervalFactor": 2,
              "legendFormat": "{{ method }}",
              "refId": "A",
              "step": 2
            }
          ],
          "thresholds": [],
          "timeFrom": null,
          "timeShift": null,
          "title": "Discovery Calls",
          "tooltip": {
            "shared": true,
            "sort": 0,
            "value_type": "individual"
          },
          "type": "graph",
          "xaxis": {
            "buckets": null,
            "mode": "time",
            "name": null,
            "show": true,
            "values": []
          },
          "yaxes": [
            {
              "format": "ops",
              "label": null,
              "logBase": 1,
              "max": null,
              "min": null,
              "show": true
            },
            {
              "format": "short",
              "label": null,
              "logBase": 1,
              "max": null,
              "min": null,
              "show": false
            }
          ]
        },
        {
          "aliasColors": {},
          "bars": false,
          "dashLength": 10,
          "dashes": false,
          "datasource": "${DS_PROMETHEUS}",
          "fill": 1,
          "id": 12,
          "legend": {
            "avg": false,
            "current": false,
            "max": false,
            "min": false,
            "show": true,
            "total": false,
            "values": false
          },
          "lines": true,
          "linewidth": 1,
          "links": [],
          "nullPointMode": "null",
          "percentage": false,
          "pointradius": 5,
          "points": false,
          "renderer": "flot",
          "seriesOverrides": [],
          "spaceLength": 10,
          "span": 3,
          "stack": false,
          "steppedLine": false,
          "targets": [
            {
              "expr": "sum(irate(pilot_discovery_errors[1m])) by (method)",
              "format": "time_series",
              "intervalFactor": 2,
              "legendFormat": "{{ method }}",
              "refId": "A",
              "step": 2
            }
          ],
          "thresholds": [],
          "timeFrom": null,
          "timeShift": null,
          "title": "Discovery Errors",
          "tooltip": {
            "shared": true,
            "sort": 0,
            "value_type": "individual"
          },
          "type": "graph",
          "xaxis": {
            "buckets": null,
            "mode": "time",
            "name": null,
            "show": true,
            "values": []
          },
          "yaxes": [
            {
              "format": "short",
              "label": null,
              "logBase": 1,
              "max": null,
              "min": null,
              "show": true
            },
            {
              "format": "short",
              "label": null,
              "logBase": 1,
              "max": null,
              "min": null,
              "show": true
            }
          ]
        },
        {
          "aliasColors": {},
          "bars": false,
          "datasource": "${DS_PROMETHEUS}",
          "fill": 1,
          "id": 38,
          "legend": {
            "avg": false,
            "current": false,
            "max": false,
            "min": false,
            "show": true,
            "total": false,
            "values": false
          },
          "lines": true,
          "linewidth": 1,
          "links": [],
          "nullPointMode": "null",
          "percentage": false,
          "pointradius": 5,
          "points": false,
          "renderer": "flot",
          "seriesOverrides": [],
          "span": 3,
          "stack": false,
          "steppedLine": false,
          "targets": [
            {
              "expr": "sum(pilot_discovery_cache_size) by (cache_name)",
              "intervalFactor": 2,
              "legendFormat": "{{ cache_name }}",
              "refId": "A",
              "step": 2
            }
          ],
          "thresholds": [],
          "timeFrom": null,
          "timeShift": null,
          "title": "Discovery Cache Sizes",
          "tooltip": {
            "shared": true,
            "sort": 0,
            "value_type": "individual"
          },
          "type": "graph",
          "xaxis": {
            "mode": "time",
            "name": null,
            "show": true,
            "values": []
          },
          "yaxes": [
            {
              "format": "bytes",
              "label": null,
              "logBase": 1,
              "max": null,
              "min": null,
              "show": true
            },
            {
              "format": "short",
              "label": null,
              "logBase": 1,
              "max": null,
              "min": null,
              "show": false
            }
          ]
        },
        {
          "aliasColors": {},
          "bars": false,
          "datasource": "${DS_PROMETHEUS}",
          "fill": 1,
          "id": 39,
          "legend": {
            "avg": false,
            "current": false,
            "max": false,
            "min": false,
            "show": true,
            "total": false,
            "values": false
          },
          "lines": true,
          "linewidth": 1,
          "links": [],
          "nullPointMode": "null",
          "percentage": false,
          "pointradius": 5,
          "points": false,
          "renderer": "flot",
          "seriesOverrides": [],
          "span": 3,
          "stack": false,
          "steppedLine": false,
          "targets": [
            {
              "expr": "histogram_quantile(0.5, sum(irate(pilot_discovery_resources_bucket[1m])) by (le, method))",
              "intervalFactor": 2,
              "legendFormat": "{{ method }} -  p50",
              "refId": "A",
              "step": 2
            },
            {
              "expr": "histogram_quantile(0.9, sum(irate(pilot_discovery_resources_bucket[1m])) by (le, method))",
              "intervalFactor": 2,
              "legendFormat": "{{ method }} -  p90",
              "refId": "B",
              "step": 2
            },
            {
              "expr": "histogram_quantile(0.99, sum(irate(pilot_discovery_resources_bucket[1m])) by (le, method))",
              "intervalFactor": 2,
              "legendFormat": "{{ method }} -  p99",
              "refId": "C",
              "step": 2
            }
          ],
          "thresholds": [],
          "timeFrom": null,
          "timeShift": null,
          "title": "Discovery Returned Resource Counts",
          "tooltip": {
            "shared": true,
            "sort": 0,
            "value_type": "individual"
          },
          "type": "graph",
          "xaxis": {
            "mode": "time",
            "name": null,
            "show": true,
            "values": []
          },
          "yaxes": [
            {
              "format": "short",
              "label": null,
              "logBase": 1,
              "max": null,
              "min": null,
              "show": true
            },
            {
              "format": "short",
              "label": null,
              "logBase": 1,
              "max": null,
              "min": null,
              "show": false
            }
          ]
        }
      ],
      "repeat": null,
      "repeatIteration": null,
      "repeatRowId": null,
      "showTitle": false,
      "title": "Dashboard Row",
      "titleSize": "h6"
    },
    {
      "collapse": false,
      "height": 250,
      "panels": [
        {
          "aliasColors": {},
          "bars": false,
          "datasource": "${DS_PROMETHEUS}",
          "fill": 1,
          "id": 37,
          "legend": {
            "avg": false,
            "current": false,
            "max": false,
            "min": false,
            "show": true,
            "total": false,
            "values": false
          },
          "lines": true,
          "linewidth": 1,
          "links": [],
          "nullPointMode": "null",
          "percentage": false,
          "pointradius": 5,
          "points": false,
          "renderer": "flot",
          "seriesOverrides": [],
          "span": 3,
          "stack": false,
          "steppedLine": false,
          "targets": [
            {
              "expr": "sum(irate(pilot_discovery_cache_hit{cache_name=\"cds\"}[1m]))",
              "intervalFactor": 2,
              "legendFormat": "Hits",
              "refId": "A",
              "step": 2
            },
            {
              "expr": "sum(irate(pilot_discovery_cache_miss{cache_name=\"cds\"}[1m]))",
              "intervalFactor": 2,
              "legendFormat": "MIsses",
              "refId": "B",
              "step": 2
            }
          ],
          "thresholds": [],
          "timeFrom": null,
          "timeShift": null,
          "title": "CDS Cache",
          "tooltip": {
            "shared": true,
            "sort": 0,
            "value_type": "individual"
          },
          "type": "graph",
          "xaxis": {
            "mode": "time",
            "name": null,
            "show": true,
            "values": []
          },
          "yaxes": [
            {
              "format": "short",
              "label": null,
              "logBase": 1,
              "max": null,
              "min": null,
              "show": true
            },
            {
              "format": "short",
              "label": null,
              "logBase": 1,
              "max": null,
              "min": null,
              "show": true
            }
          ]
        },
        {
          "aliasColors": {},
          "bars": false,
          "datasource": "${DS_PROMETHEUS}",
          "fill": 1,
          "id": 46,
          "legend": {
            "avg": false,
            "current": false,
            "max": false,
            "min": false,
            "show": true,
            "total": false,
            "values": false
          },
          "lines": true,
          "linewidth": 1,
          "links": [],
          "nullPointMode": "null",
          "percentage": false,
          "pointradius": 5,
          "points": false,
          "renderer": "flot",
          "seriesOverrides": [],
          "span": 3,
          "stack": false,
          "steppedLine": false,
          "targets": [
            {
              "expr": "sum(irate(pilot_discovery_cache_hit{cache_name=\"lds\"}[1m])) ",
              "intervalFactor": 2,
              "legendFormat": "Hits",
              "refId": "A",
              "step": 2
            },
            {
              "expr": "sum(irate(pilot_discovery_cache_miss{cache_name=\"lds\"}[1m])) ",
              "intervalFactor": 2,
              "legendFormat": "Misses",
              "refId": "B",
              "step": 2
            }
          ],
          "thresholds": [],
          "timeFrom": null,
          "timeShift": null,
          "title": "LDS Cache",
          "tooltip": {
            "shared": true,
            "sort": 0,
            "value_type": "individual"
          },
          "type": "graph",
          "xaxis": {
            "mode": "time",
            "name": null,
            "show": true,
            "values": []
          },
          "yaxes": [
            {
              "format": "short",
              "label": null,
              "logBase": 1,
              "max": null,
              "min": null,
              "show": true
            },
            {
              "format": "short",
              "label": null,
              "logBase": 1,
              "max": null,
              "min": null,
              "show": true
            }
          ]
        },
        {
          "aliasColors": {},
          "bars": false,
          "datasource": "${DS_PROMETHEUS}",
          "fill": 1,
          "id": 47,
          "legend": {
            "avg": false,
            "current": false,
            "max": false,
            "min": false,
            "show": true,
            "total": false,
            "values": false
          },
          "lines": true,
          "linewidth": 1,
          "links": [],
          "nullPointMode": "null",
          "percentage": false,
          "pointradius": 5,
          "points": false,
          "renderer": "flot",
          "seriesOverrides": [],
          "span": 3,
          "stack": false,
          "steppedLine": false,
          "targets": [
            {
              "expr": "sum(irate(pilot_discovery_cache_hit{cache_name=\"rds\"}[1m]))",
              "intervalFactor": 2,
              "legendFormat": "Hits",
              "refId": "A",
              "step": 2
            },
            {
              "expr": "sum(irate(pilot_discovery_cache_miss{cache_name=\"rds\"}[1m]))",
              "intervalFactor": 2,
              "legendFormat": "Misses",
              "refId": "B",
              "step": 2
            }
          ],
          "thresholds": [],
          "timeFrom": null,
          "timeShift": null,
          "title": "RDS Cache",
          "tooltip": {
            "shared": true,
            "sort": 0,
            "value_type": "individual"
          },
          "type": "graph",
          "xaxis": {
            "mode": "time",
            "name": null,
            "show": true,
            "values": []
          },
          "yaxes": [
            {
              "format": "short",
              "label": null,
              "logBase": 1,
              "max": null,
              "min": null,
              "show": true
            },
            {
              "format": "short",
              "label": null,
              "logBase": 1,
              "max": null,
              "min": null,
              "show": true
            }
          ]
        },
        {
          "aliasColors": {},
          "bars": false,
          "datasource": "${DS_PROMETHEUS}",
          "fill": 1,
          "id": 48,
          "legend": {
            "avg": false,
            "current": false,
            "max": false,
            "min": false,
            "show": true,
            "total": false,
            "values": false
          },
          "lines": true,
          "linewidth": 1,
          "links": [],
          "nullPointMode": "null",
          "percentage": false,
          "pointradius": 5,
          "points": false,
          "renderer": "flot",
          "seriesOverrides": [],
          "span": 3,
          "stack": false,
          "steppedLine": false,
          "targets": [
            {
              "expr": "sum(irate(pilot_discovery_cache_hit{cache_name=\"sds\"}[1m]))",
              "intervalFactor": 2,
              "legendFormat": "Hits",
              "refId": "A",
              "step": 2
            },
            {
              "expr": "sum(irate(pilot_discovery_cache_miss{cache_name=\"sds\"}[1m]))",
              "intervalFactor": 2,
              "legendFormat": "Misses",
              "refId": "B",
              "step": 2
            }
          ],
          "thresholds": [],
          "timeFrom": null,
          "timeShift": null,
          "title": "SDS Cache",
          "tooltip": {
            "shared": true,
            "sort": 0,
            "value_type": "individual"
          },
          "type": "graph",
          "xaxis": {
            "mode": "time",
            "name": null,
            "show": true,
            "values": []
          },
          "yaxes": [
            {
              "format": "short",
              "label": null,
              "logBase": 1,
              "max": null,
              "min": null,
              "show": true
            },
            {
              "format": "short",
              "label": null,
              "logBase": 1,
              "max": null,
              "min": null,
              "show": true
            }
          ]
        }
      ],
      "repeat": null,
      "repeatIteration": null,
      "repeatRowId": null,
      "showTitle": false,
      "title": "Dashboard Row",
      "titleSize": "h6"
    },
    {
      "collapse": false,
      "height": 250,
      "panels": [
        {
          "aliasColors": {},
          "bars": false,
          "dashLength": 10,
          "dashes": false,
          "datasource": "${DS_PROMETHEUS}",
          "fill": 1,
          "id": 1,
          "legend": {
            "avg": false,
            "current": false,
            "max": false,
            "min": false,
            "show": true,
            "total": false,
            "values": false
          },
          "lines": true,
          "linewidth": 1,
          "links": [],
          "nullPointMode": "null",
          "percentage": false,
          "pointradius": 5,
          "points": false,
          "renderer": "flot",
          "seriesOverrides": [],
          "spaceLength": 10,
          "span": 12,
          "stack": false,
          "steppedLine": false,
          "targets": [
            {
              "expr": "envoy_cluster_out_istio_pilot_istio_system_svc_cluster_local_http_discovery_membership_healthy",
              "format": "time_series",
              "hide": false,
              "intervalFactor": 2,
              "legendFormat": "Discovery (Healthy)",
              "refId": "A",
              "step": 2
            },
            {
              "expr": "envoy_cluster_out_istio_pilot_istio_system_svc_cluster_local_http_discovery_membership_total",
              "format": "time_series",
              "hide": false,
              "intervalFactor": 2,
              "legendFormat": "Discovery (Total)",
              "refId": "B",
              "step": 2
            },
            {
              "expr": "envoy_cluster_out_istio_pilot_istio_system_svc_cluster_local_admission_webhook_membership_healthy",
              "format": "time_series",
              "hide": false,
              "intervalFactor": 2,
              "legendFormat": "Admission Webhook (Healthy)",
              "refId": "C",
              "step": 2
            },
            {
              "expr": "envoy_cluster_out_istio_pilot_istio_system_svc_cluster_local_admission_webhook_membership_total",
              "format": "time_series",
              "hide": false,
              "intervalFactor": 2,
              "legendFormat": "Admission Webhook (Total)",
              "refId": "D",
              "step": 2
            }
          ],
          "thresholds": [],
          "timeFrom": null,
          "timeShift": null,
          "title": "Cluster Membership",
          "tooltip": {
            "shared": true,
            "sort": 0,
            "value_type": "individual"
          },
          "type": "graph",
          "xaxis": {
            "buckets": null,
            "mode": "time",
            "name": null,
            "show": true,
            "values": []
          },
          "yaxes": [
            {
              "format": "short",
              "label": null,
              "logBase": 1,
              "max": null,
              "min": null,
              "show": true
            },
            {
              "format": "short",
              "label": null,
              "logBase": 1,
              "max": null,
              "min": null,
              "show": true
            }
          ]
        }
      ],
      "repeat": null,
      "repeatIteration": null,
      "repeatRowId": null,
      "showTitle": false,
      "title": "Dashboard Row",
      "titleSize": "h6"
    },
    {
      "collapse": false,
      "height": "40",
      "panels": [
        {
          "content": "<center><h2>xDS</h2></center>",
          "id": 28,
          "links": [],
          "mode": "html",
          "span": 12,
          "title": "",
          "transparent": true,
          "type": "text"
        }
      ],
      "repeat": null,
      "repeatIteration": null,
      "repeatRowId": null,
      "showTitle": false,
      "title": "Adapters and Config",
      "titleSize": "h5"
    },
    {
      "collapse": false,
      "height": 213,
      "panels": [
        {
          "aliasColors": {},
          "bars": false,
          "datasource": "${DS_PROMETHEUS}",
          "fill": 1,
          "id": 40,
          "legend": {
            "avg": false,
            "current": false,
            "max": false,
            "min": false,
            "show": true,
            "total": false,
            "values": false
          },
          "lines": true,
          "linewidth": 1,
          "links": [],
          "nullPointMode": "null",
          "percentage": false,
          "pointradius": 5,
          "points": false,
          "renderer": "flot",
          "seriesOverrides": [],
          "span": 4,
          "stack": false,
          "steppedLine": false,
          "targets": [
            {
              "expr": "sum(irate(envoy_cluster_cds_upstream_rq_total[1m]))",
              "intervalFactor": 2,
              "legendFormat": "cds",
              "refId": "A",
              "step": 2
            },
            {
              "expr": "sum(irate(envoy_cluster_lds_upstream_rq_total[1m]))",
              "intervalFactor": 2,
              "legendFormat": "lds",
              "refId": "B",
              "step": 2
            },
            {
              "expr": "sum(irate(envoy_cluster_rds_upstream_rq_total[1m]))",
              "intervalFactor": 2,
              "legendFormat": "rds",
              "refId": "C",
              "step": 2
            },
            {
              "expr": "sum(irate(envoy_cluster_sds_upstream_rq_total[1m]))",
              "intervalFactor": 2,
              "legendFormat": "sds",
              "refId": "D",
              "step": 2
            }
          ],
          "thresholds": [],
          "timeFrom": null,
          "timeShift": null,
          "title": "Requests",
          "tooltip": {
            "shared": true,
            "sort": 0,
            "value_type": "individual"
          },
          "type": "graph",
          "xaxis": {
            "mode": "time",
            "name": null,
            "show": true,
            "values": []
          },
          "yaxes": [
            {
              "format": "short",
              "label": null,
              "logBase": 1,
              "max": null,
              "min": null,
              "show": true
            },
            {
              "format": "short",
              "label": null,
              "logBase": 1,
              "max": null,
              "min": null,
              "show": true
            }
          ]
        },
        {
          "aliasColors": {},
          "bars": false,
          "datasource": "${DS_PROMETHEUS}",
          "fill": 1,
          "id": 42,
          "legend": {
            "avg": false,
            "current": false,
            "max": false,
            "min": false,
            "show": true,
            "total": false,
            "values": false
          },
          "lines": true,
          "linewidth": 1,
          "links": [],
          "nullPointMode": "null",
          "percentage": false,
          "pointradius": 5,
          "points": false,
          "renderer": "flot",
          "seriesOverrides": [],
          "span": 4,
          "stack": false,
          "steppedLine": false,
          "targets": [
            {
              "expr": "sum(irate(envoy_cluster_cds_upstream_rq_4xx[1m]))",
              "intervalFactor": 2,
              "legendFormat": "cds",
              "refId": "A",
              "step": 2
            },
            {
              "expr": "sum(irate(envoy_cluster_lds_upstream_rq_4xx[1m]))",
              "intervalFactor": 2,
              "legendFormat": "lds",
              "refId": "B",
              "step": 2
            },
            {
              "expr": "sum(irate(envoy_cluster_rds_upstream_rq_4xx[1m]))",
              "intervalFactor": 2,
              "legendFormat": "rds",
              "refId": "C",
              "step": 2
            },
            {
              "expr": "sum(irate(envoy_cluster_sds_upstream_rq_4xx[1m]))",
              "intervalFactor": 2,
              "legendFormat": "sds",
              "refId": "D",
              "step": 2
            }
          ],
          "thresholds": [],
          "timeFrom": null,
          "timeShift": null,
          "title": "Client Errors (4xxs)",
          "tooltip": {
            "shared": true,
            "sort": 0,
            "value_type": "individual"
          },
          "type": "graph",
          "xaxis": {
            "mode": "time",
            "name": null,
            "show": true,
            "values": []
          },
          "yaxes": [
            {
              "format": "short",
              "label": null,
              "logBase": 1,
              "max": null,
              "min": null,
              "show": true
            },
            {
              "format": "short",
              "label": null,
              "logBase": 1,
              "max": null,
              "min": null,
              "show": true
            }
          ]
        },
        {
          "aliasColors": {},
          "bars": false,
          "datasource": "${DS_PROMETHEUS}",
          "fill": 1,
          "id": 43,
          "legend": {
            "avg": false,
            "current": false,
            "max": false,
            "min": false,
            "show": true,
            "total": false,
            "values": false
          },
          "lines": true,
          "linewidth": 1,
          "links": [],
          "nullPointMode": "null",
          "percentage": false,
          "pointradius": 5,
          "points": false,
          "renderer": "flot",
          "seriesOverrides": [],
          "span": 4,
          "stack": false,
          "steppedLine": false,
          "targets": [
            {
              "expr": "sum(irate(envoy_cluster_cds_upstream_rq_5xx[1m]))",
              "intervalFactor": 2,
              "legendFormat": "cds",
              "refId": "A",
              "step": 2
            },
            {
              "expr": "sum(irate(envoy_cluster_lds_upstream_rq_5xx[1m]))",
              "intervalFactor": 2,
              "legendFormat": "lds",
              "refId": "B",
              "step": 2
            },
            {
              "expr": "sum(irate(envoy_cluster_rds_upstream_rq_5xx[1m]))",
              "intervalFactor": 2,
              "legendFormat": "rds",
              "refId": "C",
              "step": 2
            },
            {
              "expr": "sum(irate(envoy_cluster_sds_upstream_rq_5xx[1m]))",
              "intervalFactor": 2,
              "legendFormat": "sds",
              "refId": "D",
              "step": 2
            }
          ],
          "thresholds": [],
          "timeFrom": null,
          "timeShift": null,
          "title": "Server Errors (5xxs)",
          "tooltip": {
            "shared": true,
            "sort": 0,
            "value_type": "individual"
          },
          "type": "graph",
          "xaxis": {
            "mode": "time",
            "name": null,
            "show": true,
            "values": []
          },
          "yaxes": [
            {
              "format": "short",
              "label": null,
              "logBase": 1,
              "max": null,
              "min": null,
              "show": true
            },
            {
              "format": "short",
              "label": null,
              "logBase": 1,
              "max": null,
              "min": null,
              "show": true
            }
          ]
        }
      ],
      "repeat": null,
      "repeatIteration": null,
      "repeatRowId": null,
      "showTitle": false,
      "title": "Dashboard Row",
      "titleSize": "h6"
    },
    {
      "collapse": false,
      "height": 250,
      "panels": [
        {
          "aliasColors": {},
          "bars": false,
          "datasource": "${DS_PROMETHEUS}",
          "fill": 1,
          "id": 44,
          "legend": {
            "avg": false,
            "current": false,
            "max": false,
            "min": false,
            "show": true,
            "total": false,
            "values": false
          },
          "lines": true,
          "linewidth": 1,
          "links": [],
          "nullPointMode": "null",
          "percentage": false,
          "pointradius": 5,
          "points": false,
          "renderer": "flot",
          "seriesOverrides": [],
          "span": 3,
          "stack": false,
          "steppedLine": false,
          "targets": [
            {
              "expr": "sum(envoy_cluster_cds_upstream_rq_time) by (quantile)",
              "intervalFactor": 2,
              "legendFormat": "{{ quantile }}",
              "refId": "A",
              "step": 2
            }
          ],
          "thresholds": [],
          "timeFrom": null,
          "timeShift": null,
          "title": "CDS Request Latency",
          "tooltip": {
            "shared": true,
            "sort": 0,
            "value_type": "individual"
          },
          "type": "graph",
          "xaxis": {
            "mode": "time",
            "name": null,
            "show": true,
            "values": []
          },
          "yaxes": [
            {
              "format": "ms",
              "label": null,
              "logBase": 1,
              "max": null,
              "min": null,
              "show": true
            },
            {
              "format": "short",
              "label": null,
              "logBase": 1,
              "max": null,
              "min": null,
              "show": false
            }
          ]
        },
        {
          "aliasColors": {},
          "bars": false,
          "datasource": "${DS_PROMETHEUS}",
          "fill": 1,
          "id": 49,
          "legend": {
            "avg": false,
            "current": false,
            "max": false,
            "min": false,
            "show": true,
            "total": false,
            "values": false
          },
          "lines": true,
          "linewidth": 1,
          "links": [],
          "nullPointMode": "null",
          "percentage": false,
          "pointradius": 5,
          "points": false,
          "renderer": "flot",
          "seriesOverrides": [],
          "span": 3,
          "stack": false,
          "steppedLine": false,
          "targets": [
            {
              "expr": "sum(envoy_cluster_lds_upstream_rq_time) by (quantile)",
              "intervalFactor": 2,
              "legendFormat": "{{ quantile }}",
              "refId": "B",
              "step": 2
            }
          ],
          "thresholds": [],
          "timeFrom": null,
          "timeShift": null,
          "title": "LDS Request Latency",
          "tooltip": {
            "shared": true,
            "sort": 0,
            "value_type": "individual"
          },
          "type": "graph",
          "xaxis": {
            "mode": "time",
            "name": null,
            "show": true,
            "values": []
          },
          "yaxes": [
            {
              "format": "ms",
              "label": null,
              "logBase": 1,
              "max": null,
              "min": null,
              "show": true
            },
            {
              "format": "short",
              "label": null,
              "logBase": 1,
              "max": null,
              "min": null,
              "show": false
            }
          ]
        },
        {
          "aliasColors": {},
          "bars": false,
          "datasource": "${DS_PROMETHEUS}",
          "fill": 1,
          "id": 50,
          "legend": {
            "avg": false,
            "current": false,
            "max": false,
            "min": false,
            "show": true,
            "total": false,
            "values": false
          },
          "lines": true,
          "linewidth": 1,
          "links": [],
          "nullPointMode": "null",
          "percentage": false,
          "pointradius": 5,
          "points": false,
          "renderer": "flot",
          "seriesOverrides": [],
          "span": 3,
          "stack": false,
          "steppedLine": false,
          "targets": [
            {
              "expr": "sum(envoy_cluster_rds_upstream_rq_time) by (quantile)",
              "intervalFactor": 2,
              "legendFormat": "{{ quantile }}",
              "refId": "C",
              "step": 2
            }
          ],
          "thresholds": [],
          "timeFrom": null,
          "timeShift": null,
          "title": "RDS Request Latency",
          "tooltip": {
            "shared": true,
            "sort": 0,
            "value_type": "individual"
          },
          "type": "graph",
          "xaxis": {
            "mode": "time",
            "name": null,
            "show": true,
            "values": []
          },
          "yaxes": [
            {
              "format": "ms",
              "label": null,
              "logBase": 1,
              "max": null,
              "min": null,
              "show": true
            },
            {
              "format": "short",
              "label": null,
              "logBase": 1,
              "max": null,
              "min": null,
              "show": false
            }
          ]
        },
        {
          "aliasColors": {},
          "bars": false,
          "datasource": "${DS_PROMETHEUS}",
          "fill": 1,
          "id": 51,
          "legend": {
            "avg": false,
            "current": false,
            "max": false,
            "min": false,
            "show": true,
            "total": false,
            "values": false
          },
          "lines": true,
          "linewidth": 1,
          "links": [],
          "nullPointMode": "null",
          "percentage": false,
          "pointradius": 5,
          "points": false,
          "renderer": "flot",
          "seriesOverrides": [],
          "span": 3,
          "stack": false,
          "steppedLine": false,
          "targets": [
            {
              "expr": "sum(envoy_cluster_sds_upstream_rq_time) by (quantile)",
              "intervalFactor": 2,
              "legendFormat": "{{ quantile }}",
              "refId": "D",
              "step": 2
            }
          ],
          "thresholds": [],
          "timeFrom": null,
          "timeShift": null,
          "title": "SDS Request Latency",
          "tooltip": {
            "shared": true,
            "sort": 0,
            "value_type": "individual"
          },
          "type": "graph",
          "xaxis": {
            "mode": "time",
            "name": null,
            "show": true,
            "values": []
          },
          "yaxes": [
            {
              "format": "ms",
              "label": null,
              "logBase": 1,
              "max": null,
              "min": null,
              "show": true
            },
            {
              "format": "short",
              "label": null,
              "logBase": 1,
              "max": null,
              "min": null,
              "show": false
            }
          ]
        }
      ],
      "repeat": null,
      "repeatIteration": null,
      "repeatRowId": null,
      "showTitle": false,
      "title": "Dashboard Row",
      "titleSize": "h6"
    },
    {
      "collapse": false,
      "height": 250,
      "panels": [
        {
          "aliasColors": {},
          "bars": false,
          "datasource": "${DS_PROMETHEUS}",
          "fill": 1,
          "id": 41,
          "legend": {
            "avg": false,
            "current": false,
            "max": false,
            "min": false,
            "show": true,
            "total": false,
            "values": false
          },
          "lines": true,
          "linewidth": 1,
          "links": [],
          "nullPointMode": "null",
          "percentage": false,
          "pointradius": 5,
          "points": false,
          "renderer": "flot",
          "seriesOverrides": [],
          "span": 6,
          "stack": false,
          "steppedLine": false,
          "targets": [
            {
              "expr": "sum(envoy_cluster_cds_upstream_cx_active)",
              "intervalFactor": 2,
              "legendFormat": "cds",
              "refId": "A",
              "step": 2
            },
            {
              "expr": "sum(envoy_cluster_lds_upstream_cx_active)",
              "intervalFactor": 2,
              "legendFormat": "lds",
              "refId": "B",
              "step": 2
            },
            {
              "expr": "sum(envoy_cluster_rds_upstream_cx_active)",
              "intervalFactor": 2,
              "legendFormat": "rds",
              "refId": "C",
              "step": 2
            },
            {
              "expr": "sum(envoy_cluster_sds_upstream_cx_active)",
              "intervalFactor": 2,
              "legendFormat": "sds",
              "refId": "D",
              "step": 2
            }
          ],
          "thresholds": [],
          "timeFrom": null,
          "timeShift": null,
          "title": "Active Connections",
          "tooltip": {
            "shared": true,
            "sort": 0,
            "value_type": "individual"
          },
          "type": "graph",
          "xaxis": {
            "mode": "time",
            "name": null,
            "show": true,
            "values": []
          },
          "yaxes": [
            {
              "format": "short",
              "label": null,
              "logBase": 1,
              "max": null,
              "min": null,
              "show": true
            },
            {
              "format": "short",
              "label": null,
              "logBase": 1,
              "max": null,
              "min": null,
              "show": true
            }
          ]
        },
        {
          "aliasColors": {},
          "bars": false,
          "datasource": "${DS_PROMETHEUS}",
          "fill": 1,
          "id": 45,
          "legend": {
            "avg": false,
            "current": false,
            "max": false,
            "min": false,
            "show": true,
            "total": false,
            "values": false
          },
          "lines": true,
          "linewidth": 1,
          "links": [],
          "nullPointMode": "null",
          "percentage": false,
          "pointradius": 5,
          "points": false,
          "renderer": "flot",
          "seriesOverrides": [],
          "span": 6,
          "stack": false,
          "steppedLine": false,
          "targets": [
            {
              "expr": "sum(envoy_cluster_cds_membership_healthy)",
              "intervalFactor": 2,
              "legendFormat": "cds (healthy)",
              "refId": "A",
              "step": 2
            },
            {
              "expr": "sum(envoy_cluster_cds_membership_total)",
              "intervalFactor": 2,
              "legendFormat": "cds (total)",
              "refId": "B",
              "step": 2
            },
            {
              "expr": "sum(envoy_cluster_lds_membership_healthy)",
              "intervalFactor": 2,
              "legendFormat": "lds (healthy)",
              "refId": "C",
              "step": 2
            },
            {
              "expr": "sum(envoy_cluster_lds_membership_total)",
              "intervalFactor": 2,
              "legendFormat": "lds (total)",
              "refId": "D",
              "step": 2
            },
            {
              "expr": "sum(envoy_cluster_rds_membership_healthy)",
              "intervalFactor": 2,
              "legendFormat": "rds (healthy)",
              "refId": "E",
              "step": 2
            },
            {
              "expr": "sum(envoy_cluster_rds_membership_total)",
              "intervalFactor": 2,
              "legendFormat": "rds (total)",
              "refId": "F",
              "step": 2
            },
            {
              "expr": "sum(envoy_cluster_sds_membership_healthy)",
              "intervalFactor": 2,
              "legendFormat": "sds (healthy)",
              "refId": "G",
              "step": 2
            },
            {
              "expr": "sum(envoy_cluster_sds_membership_total)",
              "intervalFactor": 2,
              "legendFormat": "sds (total)",
              "refId": "H",
              "step": 2
            }
          ],
          "thresholds": [],
          "timeFrom": null,
          "timeShift": null,
          "title": "Cluster Membership",
          "tooltip": {
            "shared": true,
            "sort": 0,
            "value_type": "individual"
          },
          "type": "graph",
          "xaxis": {
            "mode": "time",
            "name": null,
            "show": true,
            "values": []
          },
          "yaxes": [
            {
              "format": "short",
              "label": null,
              "logBase": 1,
              "max": null,
              "min": null,
              "show": true
            },
            {
              "format": "short",
              "label": null,
              "logBase": 1,
              "max": null,
              "min": null,
              "show": false
            }
          ]
        }
      ],
      "repeat": null,
      "repeatIteration": null,
      "repeatRowId": null,
      "showTitle": false,
      "title": "Dashboard Row",
      "titleSize": "h6"
    }
  ],
  "schemaVersion": 14,
  "style": "dark",
  "tags": [],
  "templating": {
    "list": []
  },
  "time": {
    "from": "now-5m",
    "to": "now"
  },
  "timepicker": {
    "refresh_intervals": [
      "5s",
      "10s",
      "30s",
      "1m",
      "5m",
      "15m",
      "30m",
      "1h",
      "2h",
      "1d"
    ],
    "time_options": [
      "5m",
      "15m",
      "1h",
      "6h",
      "12h",
      "24h",
      "2d",
      "7d",
      "30d"
    ]
  },
  "timezone": "browser",
  "title": "Pilot Dashboard",
  "version": 2
}