{
  "__inputs": [
    {
      "name": "DS_PROMETHEUS",
      "label": "Prometheus",
      "description": "",
      "type": "datasource",
      "pluginId": "prometheus",
      "pluginName": "Prometheus"
    }
  ],
  "__requires": [
    {
      "type": "grafana",
      "id": "grafana",
      "name": "Grafana",
      "version": "4.1.2"
    },
    {
      "type": "panel",
      "id": "graph",
      "name": "Graph",
      "version": ""
    },
    {
      "type": "datasource",
      "id": "prometheus",
      "name": "Prometheus",
      "version": "1.0.0"
    },
    {
      "type": "panel",
      "id": "singlestat",
      "name": "Singlestat",
      "version": ""
    },
    {
      "type": "panel",
      "id": "text",
      "name": "Text",
      "version": ""
    }
  ],
  "annotations": {
    "list": []
  },
  "editable": true,
  "gnetId": null,
  "graphTooltip": 0,
  "hideControls": false,
  "id": null,
  "links": [
    {
      "icon": "external link",
      "tags": [],
      "title": "istio.io",
      "tooltip": "Istio Home",
      "type": "link",
      "url": "https://istio.io/"
    }
  ],
  "refresh": "5s",
  "rows": [
    {
      "collapse": false,
      "height": "60px",
      "panels": [
        {
          "content": "<div>\n  <div style=\"position: absolute; bottom: 0\">\n    <a href=\"https://istio.io\" target=\"_blank\" style=\"font-size: 30px; text-decoration: none; color: inherit\"><img src=\"https://istio.io/img/istio-logo.svg\" style=\"height: 50px\"> Istio</a>\n  </div>\n  <div style=\"position: absolute; bottom: 0; right: 0; font-size: 15px\">\n    Istio is an <a href=\"https://github.com/istio/istio\" target=\"_blank\">open platform</a> that provides a uniform way to connect,\n    <a href=\"https://istio.io/docs/concepts/traffic-management/overview.html\" target=\"_blank\">manage</a>, and \n    <a href=\"https://istio.io/docs/concepts/network-and-auth/auth.html\" target=\"_blank\">secure</a> microservices.\n    <br>\n    Need help? Join the <a href=\"https://istio.io/community/\" target=\"_blank\">Istio community</a>.\n  </div>\n</div>",
          "height": "50px",
          "id": 13,
          "links": [],
          "mode": "html",
          "span": 12,
          "style": {
            "font-size": "18pt"
          },
          "title": "",
          "transparent": true,
          "type": "text"
        }
      ],
      "repeat": null,
      "repeatIteration": null,
      "repeatRowId": null,
      "showTitle": false,
      "title": "Row title",
      "titleSize": "h6"
    },
    {
      "collapse": false,
      "height": 93,
      "panels": [
        {
          "cacheTimeout": null,
          "colorBackground": false,
          "colorValue": false,
          "colors": [
            "rgba(245, 54, 54, 0.9)",
            "rgba(237, 129, 40, 0.89)",
            "rgba(50, 172, 45, 0.97)"
          ],
          "datasource": "${DS_PROMETHEUS}",
          "format": "ops",
          "gauge": {
            "maxValue": 100,
            "minValue": 0,
            "show": false,
            "thresholdLabels": false,
            "thresholdMarkers": true
          },
          "id": 20,
          "interval": null,
          "links": [],
          "mappingType": 1,
          "mappingTypes": [
            {
              "name": "value to text",
              "value": 1
            },
            {
              "name": "range to text",
              "value": 2
            }
          ],
          "maxDataPoints": 100,
          "nullPointMode": "connected",
          "nullText": null,
          "postfix": "",
          "postfixFontSize": "50%",
          "prefix": "",
          "prefixFontSize": "50%",
          "rangeMaps": [
            {
              "from": "null",
              "text": "N/A",
              "to": "null"
            }
          ],
          "span": 3,
          "sparkline": {
            "fillColor": "rgba(31, 118, 189, 0.18)",
            "full": true,
            "lineColor": "rgb(31, 120, 193)",
            "show": true
          },
          "targets": [
            {
              "expr": "round(sum(irate(istio_request_count[1m])), 0.001)",
              "intervalFactor": 2,
              "refId": "A",
              "step": 4
            }
          ],
          "thresholds": "",
          "title": "Global Request Volume",
          "transparent": false,
          "type": "singlestat",
          "valueFontSize": "80%",
          "valueMaps": [
            {
              "op": "=",
              "text": "N/A",
              "value": "null"
            }
          ],
          "valueName": "avg"
        },
        {
          "cacheTimeout": null,
          "colorBackground": false,
          "colorValue": false,
          "colors": [
            "rgba(245, 54, 54, 0.9)",
            "rgba(237, 129, 40, 0.89)",
            "rgba(50, 172, 45, 0.97)"
          ],
          "datasource": "${DS_PROMETHEUS}",
          "format": "percentunit",
          "gauge": {
            "maxValue": 100,
            "minValue": 80,
            "show": false,
            "thresholdLabels": false,
            "thresholdMarkers": false
          },
          "id": 21,
          "interval": null,
          "links": [],
          "mappingType": 1,
          "mappingTypes": [
            {
              "name": "value to text",
              "value": 1
            },
            {
              "name": "range to text",
              "value": 2
            }
          ],
          "maxDataPoints": 100,
          "nullPointMode": "connected",
          "nullText": null,
          "postfix": "",
          "postfixFontSize": "50%",
          "prefix": "",
          "prefixFontSize": "50%",
          "rangeMaps": [
            {
              "from": "null",
              "text": "N/A",
              "to": "null"
            }
          ],
          "span": 3,
          "sparkline": {
            "fillColor": "rgba(31, 118, 189, 0.18)",
            "full": true,
            "lineColor": "rgb(31, 120, 193)",
            "show": true
          },
          "targets": [
            {
              "expr": "sum(rate(istio_request_count{response_code!~\"5.*\"}[1m])) / sum(rate(istio_request_count[1m]))",
              "intervalFactor": 2,
              "refId": "A",
              "step": 4
            }
          ],
          "thresholds": "95, 99, 99.5",
          "title": "Global Success Rate (non-5xx responses)",
          "transparent": false,
          "type": "singlestat",
          "valueFontSize": "80%",
          "valueMaps": [
            {
              "op": "=",
              "text": "N/A",
              "value": "null"
            }
          ],
          "valueName": "avg"
        },
        {
          "cacheTimeout": null,
          "colorBackground": false,
          "colorValue": false,
          "colors": [
            "rgba(245, 54, 54, 0.9)",
            "rgba(237, 129, 40, 0.89)",
            "rgba(50, 172, 45, 0.97)"
          ],
          "datasource": "${DS_PROMETHEUS}",
          "format": "ops",
          "gauge": {
            "maxValue": 100,
            "minValue": 0,
            "show": false,
            "thresholdLabels": false,
            "thresholdMarkers": true
          },
          "id": 22,
          "interval": null,
          "links": [],
          "mappingType": 1,
          "mappingTypes": [
            {
              "name": "value to text",
              "value": 1
            },
            {
              "name": "range to text",
              "value": 2
            }
          ],
          "maxDataPoints": 100,
          "nullPointMode": "connected",
          "nullText": null,
          "postfix": "",
          "postfixFontSize": "50%",
          "prefix": "",
          "prefixFontSize": "50%",
          "rangeMaps": [
            {
              "from": "null",
              "text": "N/A",
              "to": "null"
            }
          ],
          "span": 3,
          "sparkline": {
            "fillColor": "rgba(31, 118, 189, 0.18)",
            "full": true,
            "lineColor": "rgb(31, 120, 193)",
            "show": true
          },
          "targets": [
            {
              "expr": "sum(irate(istio_request_count{response_code=~\"4.*\"}[1m])) ",
              "intervalFactor": 2,
              "refId": "A",
              "step": 4
            }
          ],
          "thresholds": "",
          "title": "4xxs",
          "transparent": false,
          "type": "singlestat",
          "valueFontSize": "80%",
          "valueMaps": [
            {
              "op": "=",
              "text": "N/A",
              "value": "null"
            }
          ],
          "valueName": "avg"
        },
        {
          "cacheTimeout": null,
          "colorBackground": false,
          "colorValue": false,
          "colors": [
            "rgba(245, 54, 54, 0.9)",
            "rgba(237, 129, 40, 0.89)",
            "rgba(50, 172, 45, 0.97)"
          ],
          "datasource": "${DS_PROMETHEUS}",
          "format": "ops",
          "gauge": {
            "maxValue": 100,
            "minValue": 0,
            "show": false,
            "thresholdLabels": false,
            "thresholdMarkers": true
          },
          "id": 23,
          "interval": null,
          "links": [],
          "mappingType": 1,
          "mappingTypes": [
            {
              "name": "value to text",
              "value": 1
            },
            {
              "name": "range to text",
              "value": 2
            }
          ],
          "maxDataPoints": 100,
          "nullPointMode": "connected",
          "nullText": null,
          "postfix": "",
          "postfixFontSize": "50%",
          "prefix": "",
          "prefixFontSize": "50%",
          "rangeMaps": [
            {
              "from": "null",
              "text": "N/A",
              "to": "null"
            }
          ],
          "span": 3,
          "sparkline": {
            "fillColor": "rgba(31, 118, 189, 0.18)",
            "full": true,
            "lineColor": "rgb(31, 120, 193)",
            "show": true
          },
          "targets": [
            {
              "expr": "sum(irate(istio_request_count{response_code=~\"5.*\"}[1m])) ",
              "intervalFactor": 2,
              "refId": "A",
              "step": 4
            }
          ],
          "thresholds": "",
          "title": "5xxs",
          "transparent": false,
          "type": "singlestat",
          "valueFontSize": "80%",
          "valueMaps": [
            {
              "op": "=",
              "text": "N/A",
              "value": "null"
            }
          ],
          "valueName": "avg"
        }
      ],
      "repeat": null,
      "repeatIteration": null,
      "repeatRowId": null,
      "showTitle": false,
      "title": "Dashboard Row",
      "titleSize": "h6"
    },
    {
      "collapse": false,
      "height": 254,
      "panels": [
        {
          "content": "<div class=\"text-center dashboard-header\">\n  <span>Service Mesh</span>\n</div>\n",
          "height": "30px",
          "id": 24,
          "links": [],
          "mode": "html",
          "span": 12,
          "title": "",
          "transparent": true,
          "type": "text"
        },
        {
          "aliasColors": {},
          "bars": false,
          "datasource": "${DS_PROMETHEUS}",
          "fill": 0,
          "id": 1,
          "legend": {
            "avg": false,
            "current": false,
            "max": false,
            "min": false,
            "show": true,
            "total": false,
            "values": false
          },
          "lines": true,
          "linewidth": 1,
          "links": [],
          "nullPointMode": "null as zero",
          "percentage": false,
          "pointradius": 5,
          "points": false,
          "renderer": "flot",
          "seriesOverrides": [],
          "span": 3,
          "stack": false,
          "steppedLine": false,
          "targets": [
            {
              "expr": "round(sum(irate(istio_request_count{source_service=~\"$source\",source_version=~\"$source_version\",destination_service=~\"$http_destination\",destination_version=~\"$destination_version\"}[1m])), 0.001)",
              "intervalFactor": 2,
              "legendFormat": "All",
              "refId": "B",
              "step": 2
            },
            {
              "expr": "round(sum(irate(istio_request_count{source_service=~\"$source\",source_version=~\"$source_version\",destination_service=~\"$http_destination\",destination_version=~\"$destination_version\",response_code=\"200\"}[1m])), 0.001)",
              "hide": false,
              "intervalFactor": 2,
              "legendFormat": "200s",
              "refId": "A",
              "step": 2
            },
            {
              "expr": "round(sum(irate(istio_request_count{source_service=~\"$source\",source_version=~\"$source_version\",destination_service=~\"$http_destination\",destination_version=~\"$destination_version\",response_code=~\"4.*\"}[1m])), 0.001)",
              "hide": false,
              "intervalFactor": 2,
              "legendFormat": "400s",
              "refId": "C",
              "step": 2
            }
          ],
          "thresholds": [],
          "timeFrom": null,
          "timeShift": null,
          "title": "Request Volume",
          "tooltip": {
            "shared": false,
            "sort": 0,
            "value_type": "individual"
          },
          "type": "graph",
          "xaxis": {
            "mode": "time",
            "name": null,
            "show": true,
            "values": [
              "total"
            ]
          },
          "yaxes": [
            {
              "format": "ops",
              "label": null,
              "logBase": 1,
              "max": null,
              "min": "0",
              "show": true
            },
            {
              "format": "short",
              "label": null,
              "logBase": 1,
              "max": null,
              "min": null,
              "show": false
            }
          ]
        },
        {
          "aliasColors": {},
          "bars": false,
          "datasource": "${DS_PROMETHEUS}",
          "fill": 1,
          "id": 7,
          "legend": {
            "avg": false,
            "current": false,
            "max": false,
            "min": false,
            "show": true,
            "total": false,
            "values": false
          },
          "lines": true,
          "linewidth": 1,
          "links": [],
          "nullPointMode": "null",
          "percentage": false,
          "pointradius": 5,
          "points": false,
          "renderer": "flot",
          "seriesOverrides": [],
          "span": 3,
          "stack": false,
          "steppedLine": false,
          "targets": [
            {
              "expr": "label_replace(sum(irate(istio_request_count{destination_service=~\"$http_destination\",source_service=~\"$source\",response_code!~\"5.*\",destination_version=~\"$destination_version\"}[1m])) by (destination_service) / sum(irate(istio_request_count{destination_service=~\"$http_destination\",source_service=~\"$source\",destination_version=~\"$destination_version\"}[1m])) by (destination_service), \"destination_service\", \"$1\", \"destination_service\", \"(.*).svc.cluster.local\")",
              "hide": false,
              "intervalFactor": 2,
              "legendFormat": "{{ destination_service }}",
              "refId": "A",
              "step": 2
            }
          ],
          "thresholds": [],
          "timeFrom": null,
          "timeShift": null,
          "title": "Success Rate by Service (non-5xx responses)",
          "tooltip": {
            "shared": true,
            "sort": 0,
            "value_type": "individual"
          },
          "type": "graph",
          "xaxis": {
            "mode": "time",
            "name": null,
            "show": true,
            "values": []
          },
          "yaxes": [
            {
              "format": "percentunit",
              "label": null,
              "logBase": 1,
              "max": "1.01",
              "min": "0",
              "show": true
            },
            {
              "format": "short",
              "label": null,
              "logBase": 1,
              "max": null,
              "min": null,
              "show": false
            }
          ]
        },
        {
          "aliasColors": {},
          "bars": false,
          "datasource": "${DS_PROMETHEUS}",
          "fill": 1,
          "id": 8,
          "legend": {
            "avg": false,
            "current": false,
            "max": false,
            "min": false,
            "show": true,
            "total": false,
            "values": false
          },
          "lines": true,
          "linewidth": 1,
          "links": [],
          "nullPointMode": "null",
          "percentage": false,
          "pointradius": 5,
          "points": false,
          "renderer": "flot",
          "seriesOverrides": [],
          "span": 3,
          "stack": false,
          "steppedLine": false,
          "targets": [
            {
              "expr": "label_replace(sum(irate(istio_request_count{source_service=~\"$source\",source_version=~\"$source_version\",destination_service=~\"$http_destination\",destination_version=~\"$destination_version\",response_code=~\"4.*\"}[1m])) by (destination_service), \"destination_service\", \"$1\", \"destination_service\", \"(.*).svc.cluster.local\")",
              "intervalFactor": 2,
              "legendFormat": "{{ destination_service }}",
              "refId": "A",
              "step": 2
            }
          ],
          "thresholds": [],
          "timeFrom": null,
          "timeShift": null,
          "title": "4xxs by Service",
          "tooltip": {
            "shared": true,
            "sort": 0,
            "value_type": "individual"
          },
          "type": "graph",
          "xaxis": {
            "mode": "time",
            "name": null,
            "show": true,
            "values": []
          },
          "yaxes": [
            {
              "format": "ops",
              "label": null,
              "logBase": 1,
              "max": null,
              "min": "0",
              "show": true
            },
            {
              "format": "short",
              "label": null,
              "logBase": 1,
              "max": null,
              "min": null,
              "show": false
            }
          ]
        },
        {
          "aliasColors": {},
          "bars": false,
          "datasource": "${DS_PROMETHEUS}",
          "fill": 1,
          "id": 25,
          "legend": {
            "avg": false,
            "current": false,
            "max": false,
            "min": false,
            "show": true,
            "total": false,
            "values": false
          },
          "lines": true,
          "linewidth": 1,
          "links": [],
          "nullPointMode": "null",
          "percentage": false,
          "pointradius": 5,
          "points": false,
          "renderer": "flot",
          "seriesOverrides": [],
          "span": 3,
          "stack": false,
          "steppedLine": false,
          "targets": [
            {
              "expr": "label_replace(sum(irate(istio_request_count{source_service=~\"$source\",source_version=~\"$source_version\",destination_service=~\"$http_destination\",destination_version=~\"$destination_version\",response_code=~\"5.*\"}[1m])) by (destination_service) , \"destination_service\", \"$1\", \"destination_service\", \"(.*).svc.cluster.local\")",
              "intervalFactor": 2,
              "legendFormat": "{{ destination_service }}",
              "refId": "A",
              "step": 2
            }
          ],
          "thresholds": [],
          "timeFrom": null,
          "timeShift": null,
          "title": "5xxs by Service",
          "tooltip": {
            "shared": true,
            "sort": 0,
            "value_type": "individual"
          },
          "type": "graph",
          "xaxis": {
            "mode": "time",
            "name": null,
            "show": true,
            "values": []
          },
          "yaxes": [
            {
              "format": "ops",
              "label": null,
              "logBase": 1,
              "max": null,
              "min": "0",
              "show": true
            },
            {
              "format": "short",
              "label": null,
              "logBase": 1,
              "max": null,
              "min": null,
              "show": false
            }
          ]
        }
      ],
      "repeat": null,
      "repeatIteration": null,
      "repeatRowId": null,
      "showTitle": false,
      "title": "Service Mesh",
      "titleSize": "h6"
    },
    {
      "collapse": false,
      "height": "50",
      "panels": [
        {
          "content": "<div class=\"text-center dashboard-header\">\n  <span>HTTP Services</span>\n</div>",
          "height": "50px",
          "id": 26,
          "links": [],
          "mode": "html",
          "span": 12,
          "title": "",
          "transparent": true,
          "type": "text"
        }
      ],
      "repeat": null,
      "repeatIteration": null,
      "repeatRowId": null,
      "showTitle": false,
      "title": "Services",
      "titleSize": "h6"
    },
    {
      "collapse": false,
      "height": 221,
      "panels": [
        {
          "aliasColors": {},
          "bars": false,
          "datasource": "${DS_PROMETHEUS}",
          "fill": 0,
          "id": 27,
          "legend": {
            "avg": false,
            "current": false,
            "max": false,
            "min": false,
            "show": true,
            "total": false,
            "values": false
          },
          "lines": true,
          "linewidth": 1,
          "links": [],
          "nullPointMode": "null as zero",
          "percentage": false,
          "pointradius": 5,
          "points": false,
          "renderer": "flot",
          "seriesOverrides": [],
          "span": 3,
          "stack": false,
          "steppedLine": false,
          "targets": [
            {
              "expr": "label_replace(round(sum(irate(istio_request_count{destination_service=~\"$http_destination\",destination_version=~\"$destination_version\"}[1m])) by (source_service, source_version, destination_version, response_code), 0.001), \"source_service\", \"$1\", \"source_service\", \"(.*).svc.cluster.local\")",
              "intervalFactor": 2,
              "legendFormat": "{{ source_service }}-{{ source_version}} -> {{destination_version}} : {{ response_code }}",
              "refId": "B",
              "step": 2
            }
          ],
          "thresholds": [],
          "timeFrom": null,
          "timeShift": null,
          "title": "Requests by Source, Version, and Response Code",
          "tooltip": {
            "shared": false,
            "sort": 0,
            "value_type": "individual"
          },
          "type": "graph",
          "xaxis": {
            "mode": "time",
            "name": null,
            "show": true,
            "values": [
              "total"
            ]
          },
          "yaxes": [
            {
              "format": "ops",
              "label": null,
              "logBase": 1,
              "max": null,
              "min": "0",
              "show": true
            },
            {
              "format": "short",
              "label": null,
              "logBase": 1,
              "max": null,
              "min": null,
              "show": false
            }
          ]
        },
        {
          "aliasColors": {},
          "bars": false,
          "datasource": "${DS_PROMETHEUS}",
          "fill": 1,
          "id": 30,
          "legend": {
            "avg": false,
            "current": false,
            "max": false,
            "min": false,
            "show": true,
            "total": false,
            "values": false
          },
          "lines": true,
          "linewidth": 1,
          "links": [],
          "nullPointMode": "null",
          "percentage": false,
          "pointradius": 5,
          "points": false,
          "renderer": "flot",
          "seriesOverrides": [],
          "span": 3,
          "stack": false,
          "steppedLine": false,
          "targets": [
            {
              "expr": "label_replace(sum(irate(istio_request_count{source_version=~\"$source_version\",destination_service=~\"$http_destination\",source_service=~\"$source\",destination_version=~\"$destination_version\",response_code!~\"5.*\"}[1m])) by (source_service, source_version, destination_version) / sum(irate(istio_request_count{source_version=~\"$source_version\",destination_service=~\"$destination\",source_service=~\"$source\",destination_version=~\"$destination_version\"}[1m])) by (source_service, source_version, destination_version), \"source_service\", \"$1\", \"source_service\", \"(.*).svc.cluster.local\")",
              "hide": false,
              "intervalFactor": 2,
              "legendFormat": "{{source_service}}-{{source_version}} -> {{destination_version}}",
              "refId": "A",
              "step": 2
            }
          ],
          "thresholds": [],
          "timeFrom": null,
          "timeShift": null,
          "title": "Success Rate by Source and Version (non-5xx responses)",
          "tooltip": {
            "shared": true,
            "sort": 0,
            "value_type": "individual"
          },
          "type": "graph",
          "xaxis": {
            "mode": "time",
            "name": null,
            "show": true,
            "values": []
          },
          "yaxes": [
            {
              "format": "percentunit",
              "label": null,
              "logBase": 1,
              "max": "1.01",
              "min": "0",
              "show": true
            },
            {
              "format": "short",
              "label": null,
              "logBase": 1,
              "max": null,
              "min": null,
              "show": false
            }
          ]
        },
        {
          "aliasColors": {},
          "bars": false,
          "datasource": "${DS_PROMETHEUS}",
          "fill": 1,
          "id": 28,
          "legend": {
            "alignAsTable": false,
            "avg": false,
            "current": false,
            "max": false,
            "min": false,
            "rightSide": false,
            "show": true,
            "total": false,
            "values": false
          },
          "lines": true,
          "linewidth": 1,
          "links": [],
          "nullPointMode": "null",
          "percentage": false,
          "pointradius": 5,
          "points": false,
          "renderer": "flot",
          "seriesOverrides": [],
          "span": 3,
          "stack": false,
          "steppedLine": false,
          "targets": [
            {
              "expr": "label_replace(histogram_quantile(0.50, sum(irate(istio_request_duration_bucket{source_service=~\"$source\",destination_service=~\"$http_destination\",destination_version=~\"$destination_version\",source_version=~\"$source_version\"}[1m])) by (source_service, source_version, destination_version, le)), \"source_service\", \"$1\", \"source_service\", \"(.*).svc.cluster.local\")",
              "hide": false,
              "intervalFactor": 2,
              "legendFormat": "{{ source_service }}-{{ source_version }} -> {{ destination_version }} (p50)",
              "refId": "D",
              "step": 2
            },
            {
              "expr": "label_replace(histogram_quantile(0.90, sum(irate(istio_request_duration_bucket{source_service=~\"$source\",destination_service=~\"$http_destination\",destination_version=~\"$destination_version\",source_version=~\"$source_version\"}[1m])) by (source_service, source_version,destination_version, le)), \"source_service\", \"$1\", \"source_service\", \"(.*).svc.cluster.local\")",
              "hide": false,
              "intervalFactor": 2,
              "legendFormat": "{{ source_service }}-{{source_version}} -> {{ destination_version }} (p90)",
              "refId": "A",
              "step": 2
            },
            {
              "expr": "label_replace(histogram_quantile(0.95, sum(irate(istio_request_duration_bucket{source_service=~\"$source\",destination_service=~\"$http_destination\",destination_version=~\"$destination_version\",source_version=~\"$source_version\"}[1m])) by (source_service, source_version,destination_version, le)), \"source_service\", \"$1\", \"source_service\", \"(.*).svc.cluster.local\")",
              "hide": false,
              "intervalFactor": 2,
              "legendFormat": "{{ source_service }}-{{source_version}} -> {{ destination_version }} (p95)",
              "refId": "B",
              "step": 2
            },
            {
              "expr": "label_replace(histogram_quantile(0.99, sum(irate(istio_request_duration_bucket{source_service=~\"$source\",destination_service=~\"$http_destination\",destination_version=~\"$destination_version\",source_version=~\"$source_version\"}[1m])) by (source_service, source_version, destination_version, le)), \"source_service\", \"$1\", \"source_service\", \"(.*).svc.cluster.local\")",
              "hide": false,
              "intervalFactor": 2,
              "legendFormat": "{{ source_service }}-{{source_version}} -> {{ destination_version }} (p99)",
              "refId": "C",
              "step": 2
            }
          ],
          "thresholds": [],
          "timeFrom": null,
          "timeShift": null,
          "title": "Response Time by Source and Version",
          "tooltip": {
            "shared": true,
            "sort": 0,
            "value_type": "individual"
          },
          "type": "graph",
          "xaxis": {
            "mode": "time",
            "name": null,
            "show": true,
            "values": []
          },
          "yaxes": [
            {
              "format": "s",
              "label": null,
              "logBase": 1,
              "max": null,
              "min": "0",
              "show": true
            },
            {
              "format": "short",
              "label": null,
              "logBase": 1,
              "max": null,
              "min": null,
              "show": false
            }
          ]
        },
        {
          "aliasColors": {},
          "bars": false,
          "datasource": "${DS_PROMETHEUS}",
          "fill": 1,
          "id": 29,
          "legend": {
            "alignAsTable": false,
            "avg": false,
            "current": false,
            "max": false,
            "min": false,
            "rightSide": false,
            "show": true,
            "total": false,
            "values": false
          },
          "lines": true,
          "linewidth": 1,
          "links": [],
          "nullPointMode": "null",
          "percentage": false,
          "pointradius": 5,
          "points": false,
          "renderer": "flot",
          "seriesOverrides": [],
          "span": 3,
          "stack": false,
          "steppedLine": false,
          "targets": [
            {
              "expr": "label_replace(histogram_quantile(0.50, sum(irate(istio_response_size_bucket{source_service=~\"$source\",destination_service=~\"$http_destination\",destination_version=~\"$destination_version\",source_version=~\"$source_version\"}[1m])) by (source_service, source_version, destination_version, le)), \"source_service\", \"$1\", \"source_service\", \"(.*).svc.cluster.local\")",
              "hide": false,
              "intervalFactor": 2,
              "legendFormat": "{{ source_service }}-{{ source_version }} -> {{ destination_version }} (p50)",
              "refId": "D",
              "step": 2
            },
            {
              "expr": "label_replace(histogram_quantile(0.90, sum(irate(istio_response_size_bucket{source_service=~\"$source\",destination_service=~\"$http_destination\",destination_version=~\"$destination_version\",source_version=~\"$source_version\"}[1m])) by (source_service, source_version, destination_version, le)), \"source_service\", \"$1\", \"source_service\", \"(.*).svc.cluster.local\")",
              "hide": false,
              "intervalFactor": 2,
              "legendFormat": "{{ source_service }}-{{ source_version }} -> {{ destination_version }} (p90)",
              "refId": "A",
              "step": 2
            },
            {
              "expr": "label_replace(histogram_quantile(0.95, sum(irate(istio_response_size_bucket{source_service=~\"$source\",destination_service=~\"$http_destination\",destination_version=~\"$destination_version\",source_version=~\"$source_version\"}[1m])) by (source_service, source_version, destination_version, le)), \"source_service\", \"$1\", \"source_service\", \"(.*).svc.cluster.local\")",
              "hide": false,
              "intervalFactor": 2,
              "legendFormat": "{{ source_service }}-{{ source_version }} -> {{ destination_version }} (p95)",
              "refId": "B",
              "step": 2
            },
            {
              "expr": "label_replace(histogram_quantile(0.99, sum(irate(istio_response_size_bucket{source_service=~\"$source\",destination_service=~\"$http_destination\",destination_version=~\"$destination_version\",source_version=~\"$source_version\"}[1m])) by (source_service, source_version, destination_version, le)), \"source_service\", \"$1\", \"source_service\", \"(.*).svc.cluster.local\")",
              "hide": false,
              "intervalFactor": 2,
              "legendFormat": "{{ source_service }}-{{ source_version }} -> {{ destination_version }} (p99)",
              "refId": "C",
              "step": 2
            }
          ],
          "thresholds": [],
          "timeFrom": null,
          "timeShift": null,
          "title": "Response Size by Source and Version",
          "tooltip": {
            "shared": true,
            "sort": 0,
            "value_type": "individual"
          },
          "type": "graph",
          "xaxis": {
            "mode": "time",
            "name": null,
            "show": true,
            "values": []
          },
          "yaxes": [
            {
              "format": "decbytes",
              "label": null,
              "logBase": 1,
              "max": null,
              "min": "0",
              "show": true
            },
            {
              "format": "short",
              "label": null,
              "logBase": 1,
              "max": null,
              "min": null,
              "show": false
            }
          ]
        }
      ],
      "repeat": "http_destination",
      "repeatIteration": null,
      "repeatRowId": null,
      "showTitle": true,
      "title": "$http_destination",
      "titleSize": "h5"
    },
    {
      "collapse": false,
      "height": "50",
      "panels": [
        {
          "content": "<div class=\"text-center dashboard-header\">\n  <span>TCP Services</span>\n</div>",
          "height": "50px",
          "id": 49,
          "links": [],
          "mode": "html",
          "repeat": null,
          "span": 12,
          "title": "",
          "transparent": true,
          "type": "text"
        }
      ],
      "repeat": null,
      "repeatIteration": null,
      "repeatRowId": null,
      "showTitle": false,
      "title": "TCP Services",
      "titleSize": "h6"
    },
    {
      "collapse": false,
      "height": "221",
      "panels": [
        {
          "aliasColors": {},
          "bars": false,
          "datasource": "${DS_PROMETHEUS}",
          "fill": 1,
          "id": 47,
          "legend": {
            "avg": false,
            "current": false,
            "max": false,
            "min": false,
            "show": true,
            "total": false,
            "values": false
          },
          "lines": true,
          "linewidth": 1,
          "links": [],
          "nullPointMode": "null",
          "percentage": false,
          "pointradius": 5,
          "points": false,
          "renderer": "flot",
          "seriesOverrides": [],
          "span": 6,
          "stack": false,
          "steppedLine": false,
          "targets": [
            {
              "expr": "label_replace(round(sum(irate(istio_tcp_bytes_received{destination_service=~\"$tcp_destination\",destination_version=~\"$destination_version\", source_service=~\"$source\", source_version=~\"$source_version\"}[1m])) by (source_service, source_version, destination_version), 0.001), \"source_service\", \"$1\", \"source_service\", \"(.*).svc.cluster.local\")",
              "intervalFactor": 2,
              "legendFormat": "{{ source_service }}-{{ source_version}} -> {{ destination_version }}",
              "refId": "A",
              "step": 2
            }
          ],
          "thresholds": [],
          "timeFrom": null,
          "timeShift": null,
          "title": "Bytes Received",
          "tooltip": {
            "shared": true,
            "sort": 0,
            "value_type": "individual"
          },
          "type": "graph",
          "xaxis": {
            "mode": "time",
            "name": null,
            "show": true,
            "values": []
          },
          "yaxes": [
            {
              "format": "Bps",
              "label": null,
              "logBase": 1,
              "max": null,
              "min": null,
              "show": true
            },
            {
              "format": "short",
              "label": null,
              "logBase": 1,
              "max": null,
              "min": null,
              "show": true
            }
          ]
        },
        {
          "aliasColors": {},
          "bars": false,
          "datasource": "${DS_PROMETHEUS}",
          "fill": 1,
          "id": 48,
          "legend": {
            "avg": false,
            "current": false,
            "max": false,
            "min": false,
            "show": true,
            "total": false,
            "values": false
          },
          "lines": true,
          "linewidth": 1,
          "links": [],
          "nullPointMode": "null",
          "percentage": false,
          "pointradius": 5,
          "points": false,
          "renderer": "flot",
          "seriesOverrides": [],
          "span": 6,
          "stack": false,
          "steppedLine": false,
          "targets": [
            {
              "expr": "label_replace(round(sum(irate(istio_tcp_bytes_sent{destination_service=~\"$destination\",destination_version=~\"$destination_version\", source_service=~\"$source\", source_version=~\"$source_version\"}[1m])) by (source_service, source_version, destination_version), 0.001), \"source_service\", \"$1\", \"source_service\", \"(.*).svc.cluster.local\")",
              "intervalFactor": 2,
              "legendFormat": "{{ destination_version }} -> {{ source_service }}-{{source_version}} ",
              "refId": "A",
              "step": 2
            }
          ],
          "thresholds": [],
          "timeFrom": null,
          "timeShift": null,
          "title": "Bytes Sent",
          "tooltip": {
            "shared": true,
            "sort": 0,
            "value_type": "individual"
          },
          "type": "graph",
          "xaxis": {
            "mode": "time",
            "name": null,
            "show": true,
            "values": []
          },
          "yaxes": [
            {
              "format": "Bps",
              "label": null,
              "logBase": 1,
              "max": null,
              "min": null,
              "show": true
            },
            {
              "format": "short",
              "label": null,
              "logBase": 1,
              "max": null,
              "min": null,
              "show": true
            }
          ]
        }
      ],
      "repeat": "tcp_destination",
      "repeatIteration": null,
      "repeatRowId": null,
      "showTitle": true,
      "title": "$tcp_destination",
      "titleSize": "h5"
    }
  ],
  "schemaVersion": 14,
  "style": "dark",
  "tags": [],
  "templating": {
    "list": [
      {
        "allValue": null,
        "current": {},
        "datasource": "${DS_PROMETHEUS}",
        "hide": 0,
        "includeAll": true,
        "label": "Source",
        "multi": true,
        "name": "source",
        "options": [],
        "query": "label_values(source_service)",
        "refresh": 1,
        "regex": "",
        "sort": 0,
        "tagValuesQuery": "",
        "tags": [],
        "tagsQuery": "",
        "type": "query",
        "useTags": false
      },
      {
        "allValue": null,
        "current": {},
        "datasource": "${DS_PROMETHEUS}",
        "hide": 0,
        "includeAll": true,
        "label": "Source Version",
        "multi": true,
        "name": "source_version",
        "options": [],
        "query": "label_values(source_version)",
        "refresh": 1,
        "regex": "",
        "sort": 1,
        "tagValuesQuery": "",
        "tags": [],
        "tagsQuery": "",
        "type": "query",
        "useTags": false
      },
      {
        "allValue": null,
        "current": {},
        "datasource": "${DS_PROMETHEUS}",
        "hide": 2,
        "includeAll": true,
        "label": "Destination",
        "multi": true,
        "name": "destination",
        "options": [],
        "query": "label_values(destination_service)",
        "refresh": 1,
        "regex": "",
        "sort": 1,
        "tagValuesQuery": "",
        "tags": [],
        "tagsQuery": "",
        "type": "query",
        "useTags": false
      },
      {
        "allValue": null,
        "current": {},
        "datasource": "${DS_PROMETHEUS}",
        "hide": 0,
        "includeAll": true,
        "label": "HTTP Destination",
        "multi": true,
        "name": "http_destination",
        "options": [],
        "query": "label_values(istio_request_count, destination_service)",
        "refresh": 1,
        "regex": "",
        "sort": 1,
        "tagValuesQuery": "",
        "tags": [],
        "tagsQuery": "",
        "type": "query",
        "useTags": false
      },
      {
        "allValue": null,
        "current": {},
        "datasource": "${DS_PROMETHEUS}",
        "hide": 0,
        "includeAll": true,
        "label": "TCP Destination",
        "multi": true,
        "name": "tcp_destination",
        "options": [],
        "query": "label_values(istio_tcp_bytes_received, destination_service)",
        "refresh": 1,
        "regex": "",
        "sort": 1,
        "tagValuesQuery": "",
        "tags": [],
        "tagsQuery": "",
        "type": "query",
        "useTags": false
      },
      {
        "allValue": null,
        "current": {},
        "datasource": "${DS_PROMETHEUS}",
        "hide": 0,
        "includeAll": true,
        "label": "Destination Version",
        "multi": true,
        "name": "destination_version",
        "options": [],
        "query": "label_values(destination_version)",
        "refresh": 1,
        "regex": "",
        "sort": 1,
        "tagValuesQuery": "",
        "tags": [],
        "tagsQuery": "",
        "type": "query",
        "useTags": false
      }
    ]
  },
  "time": {
    "from": "now-5m",
    "to": "now"
  },
  "timepicker": {
    "refresh_intervals": [
      "5s",
      "10s",
      "30s",
      "1m",
      "5m",
      "15m",
      "30m",
      "1h",
      "2h",
      "1d"
    ],
    "time_options": [
      "5m",
      "15m",
      "1h",
      "6h",
      "12h",
      "24h",
      "2d",
      "7d",
      "30d"
    ]
  },
  "timezone": "browser",
  "title": "Istio Dashboard",
  "version": 0
}