{
  "__inputs": [
    {
      "name": "DS_PROMETHEUS",
      "label": "Prometheus",
      "description": "",
      "type": "datasource",
      "pluginId": "prometheus",
      "pluginName": "Prometheus"
    }
  ],
  "__requires": [
    {
      "type": "grafana",
      "id": "grafana",
      "name": "Grafana",
      "version": "4.6.3"
    },
    {
      "type": "panel",
      "id": "graph",
      "name": "Graph",
      "version": ""
    },
    {
      "type": "datasource",
      "id": "prometheus",
      "name": "Prometheus",
      "version": "1.0.0"
    },
    {
      "type": "panel",
      "id": "text",
      "name": "Text",
      "version": ""
    }
  ],
  "annotations": {
    "list": [
      {
        "builtIn": 1,
        "datasource": "-- Grafana --",
        "enable": true,
        "hide": true,
        "iconColor": "rgba(0, 211, 255, 1)",
        "name": "Annotations & Alerts",
        "type": "dashboard"
      }
    ]
  },
  "editable": true,
  "gnetId": null,
  "graphTooltip": 1,
  "hideControls": false,
  "id": null,
  "links": [],
  "refresh": "5s",
  "rows": [
    {
      "collapse": false,
      "height": "40",
      "panels": [
        {
          "content": "<center><h2>Resource Usage</h2></center>",
          "height": "40",
          "id": 29,
          "links": [],
          "mode": "html",
          "span": 12,
          "title": "",
          "transparent": true,
          "type": "text"
        }
      ],
      "repeat": null,
      "repeatIteration": null,
      "repeatRowId": null,
      "showTitle": false,
      "title": "Resource Usage",
      "titleSize": "h5"
    },
    {
      "collapse": false,
      "height": 250,
      "panels": [
        {
          "aliasColors": {},
          "bars": false,
          "dashLength": 10,
          "dashes": false,
          "datasource": "${DS_PROMETHEUS}",
          "fill": 1,
          "id": 5,
          "legend": {
            "avg": false,
            "current": false,
            "max": false,
            "min": false,
            "show": true,
            "total": false,
            "values": false
          },
          "lines": true,
          "linewidth": 1,
          "links": [],
          "nullPointMode": "null",
          "percentage": false,
          "pointradius": 5,
          "points": false,
          "renderer": "flot",
          "seriesOverrides": [],
          "spaceLength": 10,
          "span": 3,
          "stack": false,
          "steppedLine": false,
          "targets": [
            {
              "expr": "process_virtual_memory_bytes{job=\"mixer\"}",
              "format": "time_series",
              "instant": false,
              "intervalFactor": 2,
              "legendFormat": "Virtual Memory",
              "refId": "I"
            },
            {
              "expr": "process_resident_memory_bytes{job=\"mixer\"}",
              "format": "time_series",
              "intervalFactor": 2,
              "legendFormat": "Resident Memory",
              "refId": "H"
            },
            {
              "expr": "go_memstats_heap_sys_bytes{job=\"mixer\"}",
              "format": "time_series",
              "hide": true,
              "intervalFactor": 2,
              "legendFormat": "heap sys",
              "refId": "A"
            },
            {
              "expr": "go_memstats_heap_alloc_bytes{job=\"mixer\"}",
              "format": "time_series",
              "hide": true,
              "intervalFactor": 2,
              "legendFormat": "heap alloc",
              "refId": "D"
            },
            {
              "expr": "go_memstats_alloc_bytes{job=\"mixer\"}",
              "format": "time_series",
              "intervalFactor": 2,
              "legendFormat": "Alloc",
              "refId": "F"
            },
            {
              "expr": "go_memstats_heap_inuse_bytes{job=\"mixer\"}",
              "format": "time_series",
              "hide": false,
              "intervalFactor": 2,
              "legendFormat": "Heap in-use",
              "refId": "E"
            },
            {
              "expr": "go_memstats_stack_inuse_bytes{job=\"mixer\"}",
              "format": "time_series",
              "intervalFactor": 2,
              "legendFormat": "Stack in-use",
              "refId": "G"
            },
            {
              "expr": "sum(container_memory_usage_bytes{container_name=~\"mixer|statsd-to-prometheus|istio-proxy\", pod_name=~\"istio-mixer-.*\"})",
              "format": "time_series",
              "hide": false,
              "intervalFactor": 2,
              "legendFormat": "Total (k8s)",
              "refId": "C"
            },
            {
              "expr": "container_memory_usage_bytes{container_name=~\"mixer|statsd-to-prometheus|istio-proxy\", pod_name=~\"istio-mixer-.*\"}",
              "format": "time_series",
              "hide": false,
              "intervalFactor": 2,
              "legendFormat": "{{ container_name }} (k8s)",
              "refId": "B"
            }
          ],
          "thresholds": [],
          "timeFrom": null,
          "timeShift": null,
          "title": "Memory",
          "tooltip": {
            "shared": true,
            "sort": 0,
            "value_type": "individual"
          },
          "type": "graph",
          "xaxis": {
            "buckets": null,
            "mode": "time",
            "name": null,
            "show": true,
            "values": []
          },
          "yaxes": [
            {
              "format": "bytes",
              "label": null,
              "logBase": 1,
              "max": null,
              "min": null,
              "show": true
            },
            {
              "format": "short",
              "label": null,
              "logBase": 1,
              "max": null,
              "min": null,
              "show": false
            }
          ]
        },
        {
          "aliasColors": {},
          "bars": false,
          "dashLength": 10,
          "dashes": false,
          "datasource": "${DS_PROMETHEUS}",
          "fill": 1,
          "id": 6,
          "legend": {
            "avg": false,
            "current": false,
            "max": false,
            "min": false,
            "show": true,
            "total": false,
            "values": false
          },
          "lines": true,
          "linewidth": 1,
          "links": [],
          "nullPointMode": "null",
          "percentage": false,
          "pointradius": 5,
          "points": false,
          "renderer": "flot",
          "seriesOverrides": [],
          "spaceLength": 10,
          "span": 3,
          "stack": false,
          "steppedLine": false,
          "targets": [
            {
              "expr": "sum(rate(container_cpu_usage_seconds_total{container_name=~\"mixer|statsd-to-prometheus|istio-proxy\", pod_name=~\"istio-mixer-.*\"}[1m]))",
              "format": "time_series",
              "hide": false,
              "intervalFactor": 2,
              "legendFormat": "Total (k8s)",
              "refId": "A"
            },
            {
              "expr": "sum(rate(container_cpu_usage_seconds_total{container_name=~\"mixer|statsd-to-prometheus|istio-proxy\", pod_name=~\"istio-mixer-.*\"}[1m])) by (container_name)",
              "format": "time_series",
              "hide": false,
              "intervalFactor": 2,
              "legendFormat": "{{ container_name }} (k8s)",
              "refId": "B"
            },
            {
              "expr": "irate(process_cpu_seconds_total{job=\"mixer\"}[1m])",
              "format": "time_series",
              "hide": false,
              "intervalFactor": 2,
              "legendFormat": "mixer (self-reported)",
              "refId": "C"
            }
          ],
          "thresholds": [],
          "timeFrom": null,
          "timeShift": null,
          "title": "CPU",
          "tooltip": {
            "shared": true,
            "sort": 0,
            "value_type": "individual"
          },
          "type": "graph",
          "xaxis": {
            "buckets": null,
            "mode": "time",
            "name": null,
            "show": true,
            "values": []
          },
          "yaxes": [
            {
              "format": "short",
              "label": null,
              "logBase": 1,
              "max": null,
              "min": null,
              "show": true
            },
            {
              "format": "short",
              "label": null,
              "logBase": 1,
              "max": null,
              "min": null,
              "show": true
            }
          ]
        },
        {
          "aliasColors": {},
          "bars": false,
          "dashLength": 10,
          "dashes": false,
          "datasource": "${DS_PROMETHEUS}",
          "fill": 1,
          "id": 7,
          "legend": {
            "avg": false,
            "current": false,
            "max": false,
            "min": false,
            "show": true,
            "total": false,
            "values": false
          },
          "lines": true,
          "linewidth": 1,
          "links": [],
          "nullPointMode": "null",
          "percentage": false,
          "pointradius": 5,
          "points": false,
          "renderer": "flot",
          "seriesOverrides": [],
          "spaceLength": 10,
          "span": 3,
          "stack": false,
          "steppedLine": false,
          "targets": [
            {
              "expr": "process_open_fds{job=\"mixer\"}",
              "format": "time_series",
              "hide": true,
              "instant": false,
              "interval": "",
              "intervalFactor": 2,
              "legendFormat": "Open FDs (mixer)",
              "refId": "A"
            },
            {
              "expr": "container_fs_usage_bytes{container_name=~\"mixer|statsd-to-prometheus|istio-proxy\", pod_name=~\"istio-mixer-.*\"}",
              "format": "time_series",
              "intervalFactor": 2,
              "legendFormat": "{{ container_name }}",
              "refId": "B"
            }
          ],
          "thresholds": [],
          "timeFrom": null,
          "timeShift": null,
          "title": "Disk",
          "tooltip": {
            "shared": true,
            "sort": 0,
            "value_type": "individual"
          },
          "type": "graph",
          "xaxis": {
            "buckets": null,
            "mode": "time",
            "name": null,
            "show": true,
            "values": []
          },
          "yaxes": [
            {
              "format": "bytes",
              "label": "",
              "logBase": 1,
              "max": null,
              "min": null,
              "show": true
            },
            {
              "decimals": null,
              "format": "none",
              "label": "",
              "logBase": 1024,
              "max": null,
              "min": null,
              "show": false
            }
          ]
        },
        {
          "aliasColors": {},
          "bars": false,
          "dashLength": 10,
          "dashes": false,
          "datasource": "${DS_PROMETHEUS}",
          "fill": 1,
          "id": 4,
          "legend": {
            "avg": false,
            "current": false,
            "max": false,
            "min": false,
            "show": false,
            "total": false,
            "values": false
          },
          "lines": true,
          "linewidth": 1,
          "links": [],
          "nullPointMode": "null",
          "percentage": false,
          "pointradius": 5,
          "points": false,
          "renderer": "flot",
          "seriesOverrides": [],
          "spaceLength": 10,
          "span": 3,
          "stack": false,
          "steppedLine": false,
          "targets": [
            {
              "expr": "go_goroutines{job=\"mixer\"}",
              "format": "time_series",
              "intervalFactor": 2,
              "legendFormat": "Number of Goroutines",
              "refId": "A"
            }
          ],
          "thresholds": [],
          "timeFrom": null,
          "timeShift": null,
          "title": "Goroutines",
          "tooltip": {
            "shared": true,
            "sort": 0,
            "value_type": "individual"
          },
          "type": "graph",
          "xaxis": {
            "buckets": null,
            "mode": "time",
            "name": null,
            "show": true,
            "values": []
          },
          "yaxes": [
            {
              "format": "short",
              "label": "",
              "logBase": 1,
              "max": null,
              "min": null,
              "show": true
            },
            {
              "format": "short",
              "label": null,
              "logBase": 1,
              "max": null,
              "min": null,
              "show": true
            }
          ]
        }
      ],
      "repeat": null,
      "repeatIteration": null,
      "repeatRowId": null,
      "showTitle": false,
      "title": "Resource Usage",
      "titleSize": "h6"
    },
    {
      "collapse": false,
      "height": "40",
      "panels": [
        {
          "content": "<center><h2>Mixer Overview</h2></center>",
          "height": "40px",
          "id": 30,
          "links": [],
          "mode": "html",
          "span": 12,
          "title": "",
          "transparent": true,
          "type": "text"
        }
      ],
      "repeat": null,
      "repeatIteration": null,
      "repeatRowId": null,
      "showTitle": false,
      "title": "Mixer Overview",
      "titleSize": "h5"
    },
    {
      "collapse": false,
      "height": 240,
      "panels": [
        {
          "aliasColors": {},
          "bars": false,
          "dashLength": 10,
          "dashes": false,
          "datasource": "${DS_PROMETHEUS}",
          "fill": 1,
          "id": 9,
          "legend": {
            "avg": false,
            "current": false,
            "max": false,
            "min": false,
            "show": true,
            "total": false,
            "values": false
          },
          "lines": true,
          "linewidth": 1,
          "links": [],
          "nullPointMode": "null",
          "percentage": false,
          "pointradius": 5,
          "points": false,
          "renderer": "flot",
          "seriesOverrides": [],
          "spaceLength": 10,
          "span": 3,
          "stack": false,
          "steppedLine": false,
          "targets": [
            {
              "expr": "rate(envoy_cluster_mixer_server_upstream_rq_total[1m])",
              "format": "time_series",
              "intervalFactor": 2,
              "legendFormat": "envoy",
              "refId": "A"
            },
            {
              "expr": "sum(rate(grpc_server_handled_total[1m]))",
              "format": "time_series",
              "intervalFactor": 2,
              "legendFormat": "mixer",
              "refId": "B"
            },
            {
              "expr": "rate(grpc_server_handled_total[1m])",
              "format": "time_series",
              "intervalFactor": 2,
              "legendFormat": "mixer {{ grpc_method }}",
              "refId": "C"
            }
          ],
          "thresholds": [],
          "timeFrom": null,
          "timeShift": null,
          "title": "Incoming Requests",
          "tooltip": {
            "shared": true,
            "sort": 0,
            "value_type": "individual"
          },
          "type": "graph",
          "xaxis": {
            "buckets": null,
            "mode": "time",
            "name": null,
            "show": true,
            "values": []
          },
          "yaxes": [
            {
              "format": "ops",
              "label": null,
              "logBase": 1,
              "max": null,
              "min": null,
              "show": true
            },
            {
              "format": "short",
              "label": null,
              "logBase": 1,
              "max": null,
              "min": null,
              "show": false
            }
          ]
        },
        {
          "aliasColors": {},
          "bars": false,
          "dashLength": 10,
          "dashes": false,
          "datasource": "${DS_PROMETHEUS}",
          "fill": 1,
          "id": 8,
          "legend": {
            "avg": false,
            "current": false,
            "max": false,
            "min": false,
            "show": true,
            "total": false,
            "values": false
          },
          "lines": true,
          "linewidth": 1,
          "links": [],
          "nullPointMode": "null",
          "percentage": false,
          "pointradius": 5,
          "points": false,
          "renderer": "flot",
          "seriesOverrides": [
            {
              "alias": "{}",
              "yaxis": 1
            }
          ],
          "spaceLength": 10,
          "span": 3,
          "stack": false,
          "steppedLine": false,
          "targets": [
            {
              "expr": "envoy_cluster_mixer_server_upstream_rq_time",
              "format": "time_series",
              "intervalFactor": 2,
              "legendFormat": "{{ quantile }} (envoy)",
              "refId": "A"
            },
            {
              "expr": "histogram_quantile(0.5, sum(rate(grpc_server_handling_seconds_bucket{}[1m])) by (grpc_method, le)) * 1000",
              "format": "time_series",
              "intervalFactor": 2,
              "legendFormat": "{{ grpc_method }} 0.5",
              "refId": "B"
            },
            {
              "expr": "histogram_quantile(0.9, sum(rate(grpc_server_handling_seconds_bucket{}[1m])) by (grpc_method, le)) * 1000",
              "format": "time_series",
              "intervalFactor": 2,
              "legendFormat": "{{ grpc_method }} 0.9",
              "refId": "C"
            },
            {
              "expr": "histogram_quantile(0.99, sum(rate(grpc_server_handling_seconds_bucket{}[1m])) by (grpc_method, le)) * 1000",
              "format": "time_series",
              "intervalFactor": 2,
              "legendFormat": "{{ grpc_method }} 0.99",
              "refId": "D"
            }
          ],
          "thresholds": [],
          "timeFrom": null,
          "timeShift": null,
          "title": "Response Durations",
          "tooltip": {
            "shared": true,
            "sort": 0,
            "value_type": "individual"
          },
          "type": "graph",
          "xaxis": {
            "buckets": null,
            "mode": "time",
            "name": null,
            "show": true,
            "values": []
          },
          "yaxes": [
            {
              "format": "ms",
              "label": null,
              "logBase": 1,
              "max": null,
              "min": null,
              "show": true
            },
            {
              "format": "short",
              "label": null,
              "logBase": 1,
              "max": null,
              "min": null,
              "show": false
            }
          ]
        },
        {
          "aliasColors": {},
          "bars": false,
          "dashLength": 10,
          "dashes": false,
          "datasource": "${DS_PROMETHEUS}",
          "fill": 1,
          "id": 11,
          "legend": {
            "avg": false,
            "current": false,
            "max": false,
            "min": false,
            "show": true,
            "total": false,
            "values": false
          },
          "lines": true,
          "linewidth": 1,
          "links": [],
          "nullPointMode": "null",
          "percentage": false,
          "pointradius": 5,
          "points": false,
          "renderer": "flot",
          "seriesOverrides": [],
          "spaceLength": 10,
          "span": 3,
          "stack": false,
          "steppedLine": false,
          "targets": [
            {
              "expr": "rate(envoy_cluster_mixer_server_upstream_rq_5xx[1m])",
              "format": "time_series",
              "intervalFactor": 2,
              "legendFormat": "5xx (envoy)",
              "refId": "A"
            },
            {
              "expr": "sum(rate(grpc_server_handled_total{grpc_code=~\"Unknown|Unimplemented|Internal|DataLoss\"}[1m])) by (grpc_method)",
              "format": "time_series",
              "intervalFactor": 2,
              "legendFormat": "Mixer {{ grpc_method }}",
              "refId": "B"
            }
          ],
          "thresholds": [],
          "timeFrom": null,
          "timeShift": null,
          "title": "Server Error Rate (5xx responses)",
          "tooltip": {
            "shared": true,
            "sort": 0,
            "value_type": "individual"
          },
          "type": "graph",
          "xaxis": {
            "buckets": null,
            "mode": "time",
            "name": null,
            "show": true,
            "values": []
          },
          "yaxes": [
            {
              "format": "short",
              "label": null,
              "logBase": 1,
              "max": null,
              "min": null,
              "show": true
            },
            {
              "format": "short",
              "label": null,
              "logBase": 1,
              "max": null,
              "min": null,
              "show": true
            }
          ]
        },
        {
          "aliasColors": {},
          "bars": false,
          "dashLength": 10,
          "dashes": false,
          "datasource": "${DS_PROMETHEUS}",
          "fill": 1,
          "id": 12,
          "legend": {
            "avg": false,
            "current": false,
            "max": false,
            "min": false,
            "show": true,
            "total": false,
            "values": false
          },
          "lines": true,
          "linewidth": 1,
          "links": [],
          "nullPointMode": "null",
          "percentage": false,
          "pointradius": 5,
          "points": false,
          "renderer": "flot",
          "seriesOverrides": [],
          "spaceLength": 10,
          "span": 3,
          "stack": false,
          "steppedLine": false,
          "targets": [
            {
              "expr": "irate(envoy_cluster_mixer_server_upstream_rq_4xx[1m])",
              "format": "time_series",
              "intervalFactor": 2,
              "legendFormat": "envoy",
              "refId": "A"
            },
            {
              "expr": "sum(irate(grpc_server_handled_total{grpc_code!=\"OK\",grpc_service=~\".*Mixer\"}[1m]))",
              "format": "time_series",
              "intervalFactor": 2,
              "legendFormat": "mixer grpc",
              "refId": "B"
            }
          ],
          "thresholds": [],
          "timeFrom": null,
          "timeShift": null,
          "title": "Non-successes (4xxs)",
          "tooltip": {
            "shared": true,
            "sort": 0,
            "value_type": "individual"
          },
          "type": "graph",
          "xaxis": {
            "buckets": null,
            "mode": "time",
            "name": null,
            "show": true,
            "values": []
          },
          "yaxes": [
            {
              "format": "short",
              "label": null,
              "logBase": 1,
              "max": null,
              "min": null,
              "show": true
            },
            {
              "format": "short",
              "label": null,
              "logBase": 1,
              "max": null,
              "min": null,
              "show": true
            }
          ]
        }
      ],
      "repeat": null,
      "repeatIteration": null,
      "repeatRowId": null,
      "showTitle": false,
      "title": "Dashboard Row",
      "titleSize": "h6"
    },
    {
      "collapse": false,
      "height": 243,
      "panels": [
        {
          "aliasColors": {},
          "bars": false,
          "dashLength": 10,
          "dashes": false,
          "datasource": "${DS_PROMETHEUS}",
          "fill": 1,
          "id": 10,
          "legend": {
            "avg": false,
            "current": false,
            "max": false,
            "min": false,
            "show": true,
            "total": false,
            "values": false
          },
          "lines": true,
          "linewidth": 1,
          "links": [],
          "nullPointMode": "null",
          "percentage": false,
          "pointradius": 5,
          "points": false,
          "renderer": "flot",
          "seriesOverrides": [],
          "spaceLength": 10,
          "span": 3,
          "stack": false,
          "steppedLine": false,
          "targets": [
            {
              "expr": "envoy_cluster_mixer_server_upstream_cx_active",
              "format": "time_series",
              "intervalFactor": 2,
              "legendFormat": "Active  (envoy)",
              "refId": "B"
            }
          ],
          "thresholds": [],
          "timeFrom": null,
          "timeShift": null,
          "title": "Connections",
          "tooltip": {
            "shared": true,
            "sort": 0,
            "value_type": "individual"
          },
          "type": "graph",
          "xaxis": {
            "buckets": null,
            "mode": "time",
            "name": null,
            "show": true,
            "values": []
          },
          "yaxes": [
            {
              "format": "short",
              "label": null,
              "logBase": 1,
              "max": null,
              "min": null,
              "show": true
            },
            {
              "format": "short",
              "label": null,
              "logBase": 1,
              "max": null,
              "min": null,
              "show": false
            }
          ]
        },
        {
          "aliasColors": {},
          "bars": false,
          "dashLength": 10,
          "dashes": false,
          "datasource": "${DS_PROMETHEUS}",
          "fill": 1,
          "id": 1,
          "legend": {
            "avg": false,
            "current": false,
            "max": false,
            "min": false,
            "show": true,
            "total": false,
            "values": false
          },
          "lines": true,
          "linewidth": 1,
          "links": [],
          "nullPointMode": "null",
          "percentage": false,
          "pointradius": 5,
          "points": false,
          "renderer": "flot",
          "seriesOverrides": [],
          "spaceLength": 10,
          "span": 3,
          "stack": false,
          "steppedLine": false,
          "targets": [
            {
              "expr": "envoy_cluster_mixer_server_membership_healthy",
              "format": "time_series",
              "hide": false,
              "intervalFactor": 2,
              "legendFormat": "Healthy",
              "refId": "A"
            },
            {
              "expr": "envoy_cluster_mixer_server_membership_total",
              "format": "time_series",
              "hide": false,
              "intervalFactor": 2,
              "legendFormat": "Total",
              "refId": "B"
            }
          ],
          "thresholds": [],
          "timeFrom": null,
          "timeShift": null,
          "title": "Cluster Membership",
          "tooltip": {
            "shared": true,
            "sort": 0,
            "value_type": "individual"
          },
          "type": "graph",
          "xaxis": {
            "buckets": null,
            "mode": "time",
            "name": null,
            "show": true,
            "values": []
          },
          "yaxes": [
            {
              "format": "short",
              "label": null,
              "logBase": 1,
              "max": null,
              "min": null,
              "show": true
            },
            {
              "format": "short",
              "label": null,
              "logBase": 1,
              "max": null,
              "min": null,
              "show": true
            }
          ]
        },
        {
          "aliasColors": {},
          "bars": false,
          "dashLength": 10,
          "dashes": false,
          "datasource": "${DS_PROMETHEUS}",
          "fill": 1,
          "id": 35,
          "legend": {
            "avg": false,
            "current": false,
            "max": false,
            "min": false,
            "show": true,
            "total": false,
            "values": false
          },
          "lines": true,
          "linewidth": 1,
          "links": [],
          "nullPointMode": "null",
          "percentage": false,
          "pointradius": 5,
          "points": false,
          "renderer": "flot",
          "seriesOverrides": [],
          "spaceLength": 10,
          "span": 3,
          "stack": false,
          "steppedLine": false,
          "targets": [
            {
              "expr": "rate(envoy_cluster_mixer_server_outlier_detection_ejections_enforced_total[1m])",
              "format": "time_series",
              "instant": false,
              "intervalFactor": 2,
              "legendFormat": "Total Ejections",
              "refId": "A"
            },
            {
              "expr": "rate(envoy_cluster_mixer_server_outlier_detection_ejections_overflow[1m])",
              "format": "time_series",
              "instant": false,
              "intervalFactor": 2,
              "legendFormat": "Overflow Ejections",
              "refId": "B"
            },
            {
              "expr": "envoy_cluster_mixer_server_outlier_detection_ejections_active",
              "format": "time_series",
              "instant": false,
              "intervalFactor": 2,
              "legendFormat": "Active Ejections",
              "refId": "C"
            }
          ],
          "thresholds": [],
          "timeFrom": null,
          "timeShift": null,
          "title": "Outliers",
          "tooltip": {
            "shared": true,
            "sort": 0,
            "value_type": "individual"
          },
          "type": "graph",
          "xaxis": {
            "buckets": null,
            "mode": "time",
            "name": null,
            "show": true,
            "values": []
          },
          "yaxes": [
            {
              "format": "short",
              "label": null,
              "logBase": 1,
              "max": null,
              "min": null,
              "show": true
            },
            {
              "format": "short",
              "label": null,
              "logBase": 1,
              "max": null,
              "min": null,
              "show": true
            }
          ]
        },
        {
          "aliasColors": {},
          "bars": false,
          "dashLength": 10,
          "dashes": false,
          "datasource": "${DS_PROMETHEUS}",
          "fill": 1,
          "id": 36,
          "legend": {
            "avg": false,
            "current": false,
            "max": false,
            "min": false,
            "show": true,
            "total": false,
            "values": false
          },
          "lines": true,
          "linewidth": 1,
          "links": [],
          "nullPointMode": "null",
          "percentage": false,
          "pointradius": 5,
          "points": false,
          "renderer": "flot",
          "seriesOverrides": [],
          "spaceLength": 10,
          "span": 3,
          "stack": false,
          "steppedLine": false,
          "targets": [
            {
              "expr": "irate(envoy_cluster_mixer_server_upstream_rq_retry[1m])",
              "format": "time_series",
              "intervalFactor": 2,
              "legendFormat": "Total",
              "refId": "A"
            },
            {
              "expr": "irate(envoy_cluster_mixer_server_upstream_rq_retry_success[1m])",
              "format": "time_series",
              "intervalFactor": 2,
              "legendFormat": "Success",
              "refId": "B"
            },
            {
              "expr": "irate(envoy_cluster_mixer_server_upstream_rq_retry_overflow[1m])",
              "format": "time_series",
              "intervalFactor": 2,
              "legendFormat": "Overflow",
              "refId": "C"
            }
          ],
          "thresholds": [],
          "timeFrom": null,
          "timeShift": null,
          "title": "Client Retries",
          "tooltip": {
            "shared": true,
            "sort": 0,
            "value_type": "individual"
          },
          "type": "graph",
          "xaxis": {
            "buckets": null,
            "mode": "time",
            "name": null,
            "show": true,
            "values": []
          },
          "yaxes": [
            {
              "format": "short",
              "label": null,
              "logBase": 1,
              "max": null,
              "min": null,
              "show": true
            },
            {
              "format": "short",
              "label": null,
              "logBase": 1,
              "max": null,
              "min": null,
              "show": false
            }
          ]
        }
      ],
      "repeat": null,
      "repeatIteration": null,
      "repeatRowId": null,
      "showTitle": false,
      "title": "Dashboard Row",
      "titleSize": "h6"
    },
    {
      "collapse": false,
      "height": "40",
      "panels": [
        {
          "content": "<center><h2>Adapters and Config</h2></center>",
          "id": 28,
          "links": [],
          "mode": "html",
          "span": 12,
          "title": "",
          "transparent": true,
          "type": "text"
        }
      ],
      "repeat": null,
      "repeatIteration": null,
      "repeatRowId": null,
      "showTitle": false,
      "title": "Adapters and Config",
      "titleSize": "h5"
    },
    {
      "collapse": false,
      "height": 250,
      "panels": [
        {
          "aliasColors": {},
          "bars": false,
          "dashLength": 10,
          "dashes": false,
          "datasource": "${DS_PROMETHEUS}",
          "fill": 1,
          "id": 13,
          "legend": {
            "avg": false,
            "current": false,
            "max": false,
            "min": false,
            "show": true,
            "total": false,
            "values": false
          },
          "lines": true,
          "linewidth": 1,
          "links": [],
          "nullPointMode": "null",
          "percentage": false,
          "pointradius": 5,
          "points": false,
          "renderer": "flot",
          "seriesOverrides": [],
          "spaceLength": 10,
          "span": 6,
          "stack": false,
          "steppedLine": false,
          "targets": [
            {
              "expr": "sum(irate(mixer_adapter_dispatch_count{adapter=~\"$adapter\"}[1m])) by (adapter)",
              "format": "time_series",
              "intervalFactor": 2,
              "legendFormat": "{{ adapter }}",
              "refId": "A"
            }
          ],
          "thresholds": [],
          "timeFrom": null,
          "timeShift": null,
          "title": "Adapter Dispatch Count",
          "tooltip": {
            "shared": true,
            "sort": 0,
            "value_type": "individual"
          },
          "type": "graph",
          "xaxis": {
            "buckets": null,
            "mode": "time",
            "name": null,
            "show": true,
            "values": []
          },
          "yaxes": [
            {
              "format": "short",
              "label": null,
              "logBase": 1,
              "max": null,
              "min": null,
              "show": true
            },
            {
              "format": "short",
              "label": null,
              "logBase": 1,
              "max": null,
              "min": null,
              "show": false
            }
          ]
        },
        {
          "aliasColors": {},
          "bars": false,
          "dashLength": 10,
          "dashes": false,
          "datasource": "${DS_PROMETHEUS}",
          "fill": 1,
          "id": 14,
          "legend": {
            "avg": false,
            "current": false,
            "max": false,
            "min": false,
            "show": true,
            "total": false,
            "values": false
          },
          "lines": true,
          "linewidth": 1,
          "links": [],
          "nullPointMode": "null",
          "percentage": false,
          "pointradius": 5,
          "points": false,
          "renderer": "flot",
          "seriesOverrides": [],
          "spaceLength": 10,
          "span": 6,
          "stack": false,
          "steppedLine": false,
          "targets": [
            {
              "expr": "histogram_quantile(0.5, sum(irate(mixer_adapter_dispatch_duration_bucket{adapter=~\"$adapter\"}[1m])) by (adapter, le))",
              "format": "time_series",
              "intervalFactor": 2,
              "legendFormat": "{{ adapter }} - p50",
              "refId": "A"
            },
            {
              "expr": "histogram_quantile(0.9, sum(irate(mixer_adapter_dispatch_duration_bucket{adapter=~\"$adapter\"}[1m])) by (adapter, le))",
              "format": "time_series",
              "intervalFactor": 2,
              "legendFormat": "{{ adapter }} - p90 ",
              "refId": "B"
            },
            {
              "expr": "histogram_quantile(0.99, sum(irate(mixer_adapter_dispatch_duration_bucket{adapter=~\"$adapter\"}[1m])) by (adapter, le))",
              "format": "time_series",
              "intervalFactor": 2,
              "legendFormat": "{{ adapter }} - p99",
              "refId": "C"
            }
          ],
          "thresholds": [],
          "timeFrom": null,
          "timeShift": null,
          "title": "Adapter Dispatch Duration",
          "tooltip": {
            "shared": true,
            "sort": 1,
            "value_type": "individual"
          },
          "type": "graph",
          "xaxis": {
            "buckets": null,
            "mode": "time",
            "name": null,
            "show": true,
            "values": []
          },
          "yaxes": [
            {
              "format": "s",
              "label": null,
              "logBase": 1,
              "max": null,
              "min": null,
              "show": true
            },
            {
              "format": "short",
              "label": null,
              "logBase": 1,
              "max": null,
              "min": null,
              "show": false
            }
          ]
        }
      ],
      "repeat": null,
      "repeatIteration": null,
      "repeatRowId": null,
      "showTitle": false,
      "title": "Adapter Overview",
      "titleSize": "h6"
    },
    {
      "collapse": false,
      "height": 250,
      "panels": [
        {
          "aliasColors": {},
          "bars": false,
          "dashLength": 10,
          "dashes": false,
          "datasource": "${DS_PROMETHEUS}",
          "fill": 1,
          "id": 15,
          "legend": {
            "avg": false,
            "current": false,
            "max": false,
            "min": false,
            "show": true,
            "total": false,
            "values": false
          },
          "lines": true,
          "linewidth": 1,
          "links": [],
          "nullPointMode": "null",
          "percentage": false,
          "pointradius": 5,
          "points": false,
          "renderer": "flot",
          "seriesOverrides": [],
          "spaceLength": 10,
          "span": 6,
          "stack": false,
          "steppedLine": false,
          "targets": [
            {
              "expr": "sum(irate(mixer_config_resolve_count[1m])) by (error)",
              "format": "time_series",
              "intervalFactor": 2,
              "legendFormat": "Total (error: {{ error }})",
              "refId": "A"
            }
          ],
          "thresholds": [],
          "timeFrom": null,
          "timeShift": null,
          "title": "Config Resolution Count",
          "tooltip": {
            "shared": true,
            "sort": 0,
            "value_type": "individual"
          },
          "type": "graph",
          "xaxis": {
            "buckets": null,
            "mode": "time",
            "name": null,
            "show": true,
            "values": []
          },
          "yaxes": [
            {
              "format": "short",
              "label": null,
              "logBase": 1,
              "max": null,
              "min": null,
              "show": true
            },
            {
              "format": "short",
              "label": null,
              "logBase": 1,
              "max": null,
              "min": null,
              "show": true
            }
          ]
        },
        {
          "aliasColors": {},
          "bars": false,
          "dashLength": 10,
          "dashes": false,
          "datasource": "${DS_PROMETHEUS}",
          "fill": 1,
          "id": 16,
          "legend": {
            "avg": false,
            "current": false,
            "max": false,
            "min": false,
            "show": true,
            "total": false,
            "values": false
          },
          "lines": true,
          "linewidth": 1,
          "links": [],
          "nullPointMode": "null",
          "percentage": false,
          "pointradius": 5,
          "points": false,
          "renderer": "flot",
          "seriesOverrides": [],
          "spaceLength": 10,
          "span": 6,
          "stack": false,
          "steppedLine": false,
          "targets": [
            {
              "expr": "histogram_quantile(0.5, sum(irate(mixer_config_resolve_duration_bucket[1m])) by (error, le))",
              "format": "time_series",
              "intervalFactor": 2,
              "legendFormat": "p50 (error: {{ error }})",
              "refId": "A"
            },
            {
              "expr": "histogram_quantile(0.9, sum(irate(mixer_config_resolve_duration_bucket[1m])) by (error, le))",
              "format": "time_series",
              "intervalFactor": 2,
              "legendFormat": "p90 (error: {{ error }})",
              "refId": "B"
            },
            {
              "expr": "histogram_quantile(0.99, sum(irate(mixer_config_resolve_duration_bucket[1m])) by (error, le))",
              "format": "time_series",
              "intervalFactor": 2,
              "legendFormat": "p99 (error: {{ error }})",
              "refId": "C"
            }
          ],
          "thresholds": [],
          "timeFrom": null,
          "timeShift": null,
          "title": "Config Resolution Duration",
          "tooltip": {
            "shared": true,
            "sort": 0,
            "value_type": "individual"
          },
          "type": "graph",
          "xaxis": {
            "buckets": null,
            "mode": "time",
            "name": null,
            "show": true,
            "values": []
          },
          "yaxes": [
            {
              "format": "s",
              "label": null,
              "logBase": 1,
              "max": null,
              "min": null,
              "show": true
            },
            {
              "format": "short",
              "label": null,
              "logBase": 1,
              "max": null,
              "min": null,
              "show": false
            }
          ]
        }
      ],
      "repeat": null,
      "repeatIteration": null,
      "repeatRowId": null,
      "showTitle": false,
      "title": "Config Overview",
      "titleSize": "h6"
    },
    {
      "collapse": false,
      "height": "40",
      "panels": [
        {
          "content": "<center><h2>Individual Adapters</h2></center>",
          "id": 23,
          "links": [],
          "mode": "html",
          "span": 12,
          "title": "",
          "transparent": true,
          "type": "text"
        }
      ],
      "repeat": null,
      "repeatIteration": null,
      "repeatRowId": null,
      "showTitle": false,
      "title": "Individual Adapters",
      "titleSize": "h5"
    },
    {
      "collapse": false,
      "height": 250,
      "panels": [
        {
          "aliasColors": {},
          "bars": false,
          "dashLength": 10,
          "dashes": false,
          "datasource": "${DS_PROMETHEUS}",
          "fill": 1,
          "id": 17,
          "legend": {
            "avg": false,
            "current": false,
            "max": false,
            "min": false,
            "show": true,
            "total": false,
            "values": false
          },
          "lines": true,
          "linewidth": 1,
          "links": [],
          "nullPointMode": "null",
          "percentage": false,
          "pointradius": 5,
          "points": false,
          "renderer": "flot",
          "seriesOverrides": [],
          "spaceLength": 10,
          "span": 6,
          "stack": false,
          "steppedLine": false,
          "targets": [
            {
              "expr": "irate(mixer_adapter_dispatch_count{adapter=\"$adapter\"}[1m])",
              "format": "time_series",
              "intervalFactor": 2,
              "legendFormat": "{{ handler }} ({{ response_code }})",
              "refId": "A"
            }
          ],
          "thresholds": [],
          "timeFrom": null,
          "timeShift": null,
          "title": "Dispatch Count By Handler",
          "tooltip": {
            "shared": true,
            "sort": 0,
            "value_type": "individual"
          },
          "type": "graph",
          "xaxis": {
            "buckets": null,
            "mode": "time",
            "name": null,
            "show": true,
            "values": []
          },
          "yaxes": [
            {
              "format": "short",
              "label": null,
              "logBase": 1,
              "max": null,
              "min": null,
              "show": true
            },
            {
              "format": "short",
              "label": null,
              "logBase": 1,
              "max": null,
              "min": null,
              "show": false
            }
          ]
        },
        {
          "aliasColors": {},
          "bars": false,
          "dashLength": 10,
          "dashes": false,
          "datasource": "${DS_PROMETHEUS}",
          "fill": 1,
          "id": 18,
          "legend": {
            "avg": false,
            "current": false,
            "max": false,
            "min": false,
            "show": true,
            "total": false,
            "values": false
          },
          "lines": true,
          "linewidth": 1,
          "links": [],
          "nullPointMode": "null",
          "percentage": false,
          "pointradius": 5,
          "points": false,
          "renderer": "flot",
          "seriesOverrides": [],
          "spaceLength": 10,
          "span": 6,
          "stack": false,
          "steppedLine": false,
          "targets": [
            {
              "expr": "histogram_quantile(0.5, sum(irate(mixer_adapter_dispatch_duration_bucket{adapter=\"$adapter\"}[1m])) by (handler, response_code, le))",
              "format": "time_series",
              "intervalFactor": 2,
              "legendFormat": "p50 - {{ handler }} ({{ response_code }})",
              "refId": "A"
            },
            {
              "expr": "histogram_quantile(0.9, sum(irate(mixer_adapter_dispatch_duration_bucket{adapter=\"$adapter\"}[1m])) by (handler, response_code, le))",
              "format": "time_series",
              "intervalFactor": 2,
              "legendFormat": "p90 - {{ handler }} ({{ response_code }})",
              "refId": "B"
            },
            {
              "expr": "histogram_quantile(0.99, sum(irate(mixer_adapter_dispatch_duration_bucket{adapter=\"$adapter\"}[1m])) by (handler, response_code, le))",
              "format": "time_series",
              "intervalFactor": 2,
              "legendFormat": "p99 - {{ handler }} ({{ response_code }})",
              "refId": "C"
            }
          ],
          "thresholds": [],
          "timeFrom": null,
          "timeShift": null,
          "title": "Dispatch Duration By Handler",
          "tooltip": {
            "shared": true,
            "sort": 0,
            "value_type": "individual"
          },
          "type": "graph",
          "xaxis": {
            "buckets": null,
            "mode": "time",
            "name": null,
            "show": true,
            "values": []
          },
          "yaxes": [
            {
              "format": "s",
              "label": null,
              "logBase": 1,
              "max": null,
              "min": null,
              "show": true
            },
            {
              "format": "short",
              "label": null,
              "logBase": 1,
              "max": null,
              "min": null,
              "show": true
            }
          ]
        }
      ],
      "repeat": "adapter",
      "repeatIteration": null,
      "repeatRowId": null,
      "showTitle": true,
      "title": "$adapter Adapter",
      "titleSize": "h6"
    }
  ],
  "schemaVersion": 14,
  "style": "dark",
  "tags": [],
  "templating": {
    "list": [
      {
        "allValue": null,
        "current": {},
        "datasource": "${DS_PROMETHEUS}",
        "hide": 0,
        "includeAll": true,
        "label": "Adapter",
        "multi": true,
        "name": "adapter",
        "options": [],
        "query": "label_values(adapter)",
        "refresh": 2,
        "regex": "",
        "sort": 1,
        "tagValuesQuery": "",
        "tags": [],
        "tagsQuery": "",
        "type": "query",
        "useTags": false
      }
    ]
  },
  "time": {
    "from": "now-5m",
    "to": "now"
  },
  "timepicker": {
    "refresh_intervals": [
      "5s",
      "10s",
      "30s",
      "1m",
      "5m",
      "15m",
      "30m",
      "1h",
      "2h",
      "1d"
    ],
    "time_options": [
      "5m",
      "15m",
      "1h",
      "6h",
      "12h",
      "24h",
      "2d",
      "7d",
      "30d"
    ]
  },
  "timezone": "",
  "title": "Mixer Dashboard",
  "version": 23
}