{
    "concurrency": 4,
    "enableGC": true,
    "vendor": true,
    "vendoredLinters": true,
    "deadline": "600s",
    "minConfidence": 0.0,
    "lineLength": 160,
    "tests": true,
    "sort": ["path"],
    "enable": [
        "deadcode",
        "errcheck",
        "goconst",
        "gofmt",
        "goimports",
        "golint",
        "ineffassign",
        "interfacer",
        "lll",
        "maligned",
        "megacheck",
        "misspell",
        "structcheck",
        "unconvert",
        "varcheck",
        "vet",
        "vetshadow"
    ],
    "severity": {
        "deadcode": "error",
        "errcheck": "error",
        "goconst": "error",
        "gofmt": "error",
        "goimports": "error",
        "golint": "error",
        "ineffassign": "error",
        "interfacer": "error",
        "lll": "error",
        "maligned": "error",
        "megacheck": "error",
        "misspell": "error",
        "structcheck": "error",
        "unconvert": "error",
        "varcheck": "error",
        "vet": "error",
        "vetshadow": "error"
    },
    "exclude": [
        ".pb.go",
        "mock_*",
        "mixer/adapter/doc.go",
        "mixer/pkg/config/proto/combined.go",
        ".*.gen.go",
        "mixer/template/doc.go",
        "mixer/template/sample/doc.go",
        "mixer/test/spyAdapter/template/doc.go",
        "mixer/template/doc.go",
        "mixer/tools/adapterlinter/testdata/.*",
        "should have a package comment",
        "composite literal uses unkeyed fields",
        "genfiles"
    ]
}
